Strategy,Model,Subject_ID,Session_ID,Fold,N_Train_Frames,N_Test_Frames,Accuracy,Macro_F1,Macro_AUC,Kappa
raw,lightgbm,1,1,1,633,218,0.811927,0.647548,0.717125,0.714112
raw,lightgbm,1,1,2,688,163,0.380368,0.333444,0.607477,0.108614
raw,lightgbm,1,1,3,580,271,0.357934,0.250506,0.683395,0.1731
raw,lightgbm,1,1,4,652,199,0.849246,0.842387,0.909764,0.799503
raw,lightgbm,1,2,1,616,216,0.546296,0.392768,0.850501,0.35487
raw,lightgbm,1,2,2,648,184,0.516304,0.321163,0.785557,0.252067
raw,lightgbm,1,2,3,617,215,0.330233,0.199438,0.524214,0.111315
raw,lightgbm,1,2,4,615,217,0.479263,0.431975,0.85512,0.329129
raw,lightgbm,1,3,1,581,241,0.439834,0.507261,0.557479,0.30305
raw,lightgbm,1,3,2,681,141,0.269504,0.211739,0.539644,0.152931
raw,lightgbm,1,3,3,568,254,0.755906,0.760435,0.821892,0.679821
raw,lightgbm,1,3,4,636,186,0.564516,0.544327,0.861011,0.398803
raw,lightgbm,2,1,1,633,218,0.293578,0.309375,0.555538,0.035343
raw,lightgbm,2,1,2,688,163,0.760736,0.56953,1.0,0.633454
raw,lightgbm,2,1,3,580,271,0.734317,0.633895,0.747767,0.642788
raw,lightgbm,2,1,4,652,199,0.798995,0.70589,0.902497,0.727705
raw,lightgbm,2,2,1,616,216,0.643519,0.509764,0.808416,0.492772
raw,lightgbm,2,2,2,648,184,0.804348,0.593434,0.991554,0.684301
raw,lightgbm,2,2,3,617,215,0.944186,0.939423,0.985524,0.923442
raw,lightgbm,2,2,4,615,217,0.654378,0.514092,0.689274,0.499493
raw,lightgbm,2,3,1,581,241,0.672199,0.775431,0.908878,0.526028
raw,lightgbm,2,3,2,681,141,0.524823,0.580808,0.878378,0.436773
raw,lightgbm,2,3,3,568,254,0.685039,0.567383,0.887838,0.576755
raw,lightgbm,2,3,4,636,186,0.72043,0.756004,0.984404,0.621981
raw,lightgbm,3,1,1,633,218,0.100917,0.090909,0.595608,-0.080245
raw,lightgbm,3,1,2,688,163,0.294479,0.346257,0.636133,0.106913
raw,lightgbm,3,1,3,580,271,0.557196,0.48952,0.69297,0.401623
raw,lightgbm,3,1,4,652,199,0.085427,0.108974,0.440167,-0.234508
raw,lightgbm,3,2,1,616,216,0.564815,0.439655,0.866214,0.413789
raw,lightgbm,3,2,2,648,184,0.820652,0.659957,0.932254,0.709112
raw,lightgbm,3,2,3,617,215,0.483721,0.435182,0.744789,0.328994
raw,lightgbm,3,2,4,615,217,0.81106,0.67173,0.82524,0.729023
raw,lightgbm,3,3,1,581,241,0.614108,0.549529,0.787065,0.496133
raw,lightgbm,3,3,2,681,141,0.269504,0.307625,0.43982,0.06424
raw,lightgbm,3,3,3,568,254,0.692913,0.717046,0.841691,0.590754
raw,lightgbm,3,3,4,636,186,0.715054,0.65197,0.7435,0.570813
raw,lightgbm,4,1,1,633,218,0.545872,0.565259,0.858038,0.431754
raw,lightgbm,4,1,2,688,163,0.478528,0.340543,0.824092,0.287551
raw,lightgbm,4,1,3,580,271,0.409594,0.399287,0.748561,0.247144
raw,lightgbm,4,1,4,652,199,1.0,1.0,1.0,1.0
raw,lightgbm,4,2,1,616,216,0.37963,0.222826,0.686991,0.13703
raw,lightgbm,4,2,2,648,184,0.804348,0.613636,0.961149,0.686453
raw,lightgbm,4,2,3,617,215,0.0,0.0,0.382669,-0.276969
raw,lightgbm,4,2,4,615,217,0.806452,0.588242,0.741754,0.705658
raw,lightgbm,4,3,1,581,241,0.825726,0.835777,0.87931,0.759766
raw,lightgbm,4,3,2,681,141,0.574468,0.586437,0.806363,0.457031
raw,lightgbm,4,3,3,568,254,0.590551,0.514389,0.821807,0.457878
raw,lightgbm,4,3,4,636,186,0.876344,0.705426,1.0,0.814484
raw,lightgbm,5,1,1,633,218,0.5,0.549578,0.550563,0.342137
raw,lightgbm,5,1,2,688,163,0.460123,0.40507,0.796461,0.191978
raw,lightgbm,5,1,3,580,271,0.642066,0.63205,0.951433,0.508682
raw,lightgbm,5,1,4,652,199,0.080402,0.040404,0.500248,-0.288231
raw,lightgbm,5,2,1,616,216,0.472222,0.340909,0.693913,0.277889
raw,lightgbm,5,2,2,648,184,0.657609,0.354167,0.832892,0.451058
raw,lightgbm,5,2,3,617,215,0.395349,0.357096,0.754165,0.225998
raw,lightgbm,5,2,4,615,217,0.866359,0.693472,0.977053,0.799758
raw,lightgbm,5,3,1,581,241,0.526971,0.29487,0.66387,0.255951
raw,lightgbm,5,3,2,681,141,0.751773,0.547792,0.721031,0.629003
raw,lightgbm,5,3,3,568,254,0.484252,0.427273,0.666872,0.309138
raw,lightgbm,5,3,4,636,186,0.741935,0.586788,0.791992,0.623752
raw,lightgbm,6,1,1,633,218,0.146789,0.186047,0.435766,-0.022184
raw,lightgbm,6,1,2,688,163,0.067485,0.07971,0.549614,-0.231228
raw,lightgbm,6,1,3,580,271,0.261993,0.229272,0.549175,0.054151
raw,lightgbm,6,1,4,652,199,0.487437,0.488657,0.712972,0.364337
raw,lightgbm,6,2,1,616,216,0.416667,0.333868,0.817069,0.25
raw,lightgbm,6,2,2,648,184,0.451087,0.343345,0.93789,0.232574
raw,lightgbm,6,2,3,617,215,0.47907,0.392056,0.643869,0.271914
raw,lightgbm,6,2,4,615,217,0.502304,0.485738,0.796465,0.352847
raw,lightgbm,6,3,1,581,241,0.46888,0.316092,0.935287,0.336716
raw,lightgbm,6,3,2,681,141,0.460993,0.38536,0.840283,0.26178
raw,lightgbm,6,3,3,568,254,0.874016,0.867571,1.0,0.831208
raw,lightgbm,6,3,4,636,186,0.387097,0.304511,0.753025,0.142615
raw,lightgbm,7,1,1,633,218,0.123853,0.101791,0.442226,-0.057769
raw,lightgbm,7,1,2,688,163,0.368098,0.442695,0.762874,0.182579
raw,lightgbm,7,1,3,580,271,0.394834,0.369056,0.765489,0.195525
raw,lightgbm,7,1,4,652,199,0.788945,0.685976,0.863538,0.700537
raw,lightgbm,7,2,1,616,216,0.583333,0.458067,0.578611,0.372417
raw,lightgbm,7,2,2,648,184,0.706522,0.727521,0.857545,0.59352
raw,lightgbm,7,2,3,617,215,0.446512,0.323017,0.648498,0.233408
raw,lightgbm,7,2,4,615,217,0.705069,0.578963,0.815951,0.580891
raw,lightgbm,7,3,1,581,241,0.634855,0.385701,0.885328,0.439313
raw,lightgbm,7,3,2,681,141,0.460993,0.393616,0.608832,0.293513
raw,lightgbm,7,3,3,568,254,0.673228,0.587682,0.760976,0.561495
raw,lightgbm,7,3,4,636,186,0.66129,0.58106,0.899856,0.510955
raw,lightgbm,8,1,1,633,218,0.142202,0.233333,0.418717,-0.185955
raw,lightgbm,8,1,2,688,163,0.791411,0.839196,0.98543,0.708039
raw,lightgbm,8,1,3,580,271,0.571956,0.449333,0.66919,0.419443
raw,lightgbm,8,1,4,652,199,0.437186,0.368115,0.558334,0.228789
raw,lightgbm,8,2,1,616,216,0.537037,0.481821,0.730546,0.366234
raw,lightgbm,8,2,2,648,184,0.451087,0.41243,0.70653,0.317893
raw,lightgbm,8,2,3,617,215,0.469767,0.365537,0.758852,0.315229
raw,lightgbm,8,2,4,615,217,0.774194,0.653317,0.954212,0.673343
raw,lightgbm,8,3,1,581,241,0.655602,0.527931,0.899206,0.53731
raw,lightgbm,8,3,2,681,141,0.368794,0.47392,0.87381,0.190544
raw,lightgbm,8,3,3,568,254,0.669291,0.619602,0.989494,0.569022
raw,lightgbm,8,3,4,636,186,0.489247,0.431457,0.926186,0.307385
raw,lightgbm,9,1,1,633,218,0.513761,0.42316,0.777048,0.289946
raw,lightgbm,9,1,2,688,163,0.760736,0.60255,0.87747,0.655615
raw,lightgbm,9,1,3,580,271,0.583026,0.469943,0.764938,0.421989
raw,lightgbm,9,1,4,652,199,0.773869,0.624762,0.951725,0.679159
raw,lightgbm,9,2,1,616,216,0.421296,0.298275,0.768417,0.207886
raw,lightgbm,9,2,2,648,184,0.429348,0.2816,0.72561,0.17142
raw,lightgbm,9,2,3,617,215,0.567442,0.49998,0.715264,0.43485
raw,lightgbm,9,2,4,615,217,0.552995,0.510807,0.950009,0.426645
raw,lightgbm,9,3,1,581,241,0.46473,0.246548,0.59308,0.147242
raw,lightgbm,9,3,2,681,141,0.340426,0.25203,0.750078,0.155253
raw,lightgbm,9,3,3,568,254,0.543307,0.482168,0.832308,0.418523
raw,lightgbm,9,3,4,636,186,0.123656,0.110577,0.510871,-0.072027
raw,lightgbm,10,1,1,633,218,0.577982,0.486181,0.675709,0.406487
raw,lightgbm,10,1,2,688,163,0.429448,0.394318,0.679285,0.287004
raw,lightgbm,10,1,3,580,271,0.446494,0.41099,0.775212,0.290675
raw,lightgbm,10,1,4,652,199,0.341709,0.207317,0.484858,0.094921
raw,lightgbm,10,2,1,616,216,0.75463,0.731501,0.9557,0.668922
raw,lightgbm,10,2,2,648,184,0.804348,0.679122,0.833023,0.647622
raw,lightgbm,10,2,3,617,215,0.316279,0.230957,0.71806,0.117031
raw,lightgbm,10,2,4,615,217,0.797235,0.784971,1.0,0.702072
raw,lightgbm,10,3,1,581,241,0.373444,0.155709,0.441058,0.071777
raw,lightgbm,10,3,2,681,141,0.460993,0.529643,0.707274,0.286124
raw,lightgbm,10,3,3,568,254,0.673228,0.619054,0.860071,0.546341
raw,lightgbm,10,3,4,636,186,0.682796,0.664401,0.884826,0.566571
raw,lightgbm,11,1,1,633,218,0.33945,0.358466,0.623411,0.144632
raw,lightgbm,11,1,2,688,163,0.386503,0.246622,0.41163,0.172673
raw,lightgbm,11,1,3,580,271,0.339483,0.287661,0.517949,0.139255
raw,lightgbm,11,1,4,652,199,0.582915,0.515151,0.82921,0.42711
raw,lightgbm,11,2,1,616,216,0.583333,0.57099,0.94668,0.45004
raw,lightgbm,11,2,2,648,184,0.25,0.128492,0.539011,-0.084711
raw,lightgbm,11,2,3,617,215,0.265116,0.222709,0.569018,0.07041
raw,lightgbm,11,2,4,615,217,0.175115,0.19,0.516492,-0.052998
raw,lightgbm,11,3,1,581,241,0.518672,0.393894,0.663818,0.315977
raw,lightgbm,11,3,2,681,141,0.631206,0.399282,0.961905,0.421994
raw,lightgbm,11,3,3,568,254,0.531496,0.411519,0.899103,0.360039
raw,lightgbm,11,3,4,636,186,0.419355,0.262301,0.649121,0.159357
raw,lightgbm,12,1,1,633,218,0.279817,0.260792,0.508516,0.062712
raw,lightgbm,12,1,2,688,163,0.0,0.0,0.394535,-0.373856
raw,lightgbm,12,1,3,580,271,0.365314,0.310086,0.657382,0.137597
raw,lightgbm,12,1,4,652,199,0.457286,0.344222,0.823453,0.256281
raw,lightgbm,12,2,1,616,216,0.319444,0.37253,0.397544,0.134304
raw,lightgbm,12,2,2,648,184,0.081522,0.080645,0.627341,-0.061877
raw,lightgbm,12,2,3,617,215,0.227907,0.171927,0.579233,0.050596
raw,lightgbm,12,2,4,615,217,0.290323,0.262723,0.697032,-0.012575
raw,lightgbm,12,3,1,581,241,0.240664,0.291638,0.731648,-0.133462
raw,lightgbm,12,3,2,681,141,0.276596,0.2526,0.634305,0.132935
raw,lightgbm,12,3,3,568,254,0.456693,0.408323,0.662583,0.263397
raw,lightgbm,12,3,4,636,186,0.123656,0.116162,0.484277,-0.043003
raw,lightgbm,13,1,1,633,218,0.486239,0.478939,0.848436,0.327346
raw,lightgbm,13,1,2,688,163,0.539877,0.34164,0.925267,0.278804
raw,lightgbm,13,1,3,580,271,0.623616,0.545048,0.853435,0.490066
raw,lightgbm,13,1,4,652,199,0.316583,0.259647,0.631526,0.157541
raw,lightgbm,13,2,1,616,216,0.625,0.55502,0.887387,0.504727
raw,lightgbm,13,2,2,648,184,0.434783,0.190476,0.747263,0.092478
raw,lightgbm,13,2,3,617,215,0.465116,0.475462,0.673068,0.316592
raw,lightgbm,13,2,4,615,217,0.792627,0.607166,0.829306,0.665525
raw,lightgbm,13,3,1,581,241,0.609959,0.538514,0.681602,0.470032
raw,lightgbm,13,3,2,681,141,0.255319,0.119205,0.531719,0.033931
raw,lightgbm,13,3,3,568,254,0.570866,0.59236,0.722818,0.448046
raw,lightgbm,13,3,4,636,186,0.811828,0.68569,0.881902,0.726102
raw,lightgbm,14,1,1,633,218,0.100917,0.25,0.561922,-0.101691
raw,lightgbm,14,1,2,688,163,0.705521,0.660776,0.668562,0.544693
raw,lightgbm,14,1,3,580,271,0.391144,0.364598,0.784605,0.180594
raw,lightgbm,14,1,4,652,199,0.577889,0.604808,0.666663,0.473678
raw,lightgbm,14,2,1,616,216,0.37037,0.394443,0.646508,0.173624
raw,lightgbm,14,2,2,648,184,0.326087,0.146341,0.266579,-0.033006
raw,lightgbm,14,2,3,617,215,0.488372,0.366882,0.768452,0.340767
raw,lightgbm,14,2,4,615,217,0.539171,0.353261,0.784238,0.345873
raw,lightgbm,14,3,1,581,241,0.622407,0.357922,0.711903,0.401447
raw,lightgbm,14,3,2,681,141,0.446809,0.304398,0.67737,0.245161
raw,lightgbm,14,3,3,568,254,0.846457,0.870551,1.0,0.793715
raw,lightgbm,14,3,4,636,186,0.387097,0.358911,0.742394,0.034338
raw,lightgbm,15,1,1,633,218,0.03211,0.046667,0.443263,-0.282424
raw,lightgbm,15,1,2,688,163,0.717791,0.652542,0.919886,0.599295
raw,lightgbm,15,1,3,580,271,0.756458,0.769482,0.959487,0.677776
raw,lightgbm,15,1,4,652,199,0.723618,0.718741,0.840207,0.642238
raw,lightgbm,15,2,1,616,216,0.685185,0.594585,0.944444,0.568913
raw,lightgbm,15,2,2,648,184,0.771739,0.431818,0.976115,0.612573
raw,lightgbm,15,2,3,617,215,0.87907,0.820005,1.0,0.827181
raw,lightgbm,15,2,4,615,217,0.866359,0.673385,0.990324,0.788506
raw,lightgbm,15,3,1,581,241,0.892116,0.925292,1.0,0.844439
raw,lightgbm,15,3,2,681,141,0.319149,0.220332,0.6233,0.036309
raw,lightgbm,15,3,3,568,254,0.76378,0.757868,1.0,0.682222
raw,lightgbm,15,3,4,636,186,0.602151,0.501874,0.769861,0.382143
raw,shallow_mlp,1,1,1,633,218,0.146789,0.137931,0.536878,-0.219562
raw,shallow_mlp,1,1,2,688,163,0.773006,0.837905,0.869129,0.682763
raw,shallow_mlp,1,1,3,580,271,0.605166,0.49778,0.736816,0.460149
raw,shallow_mlp,1,1,4,652,199,0.648241,0.415049,0.819288,0.47426
raw,shallow_mlp,1,2,1,616,216,0.611111,0.640807,0.946559,0.493128
raw,shallow_mlp,1,2,2,648,184,0.804348,0.601648,0.812009,0.682119
raw,shallow_mlp,1,2,3,617,215,0.716279,0.648625,0.854868,0.601924
raw,shallow_mlp,1,2,4,615,217,0.56682,0.594508,0.968775,0.475724
raw,shallow_mlp,1,3,1,581,241,0.639004,0.668539,0.880573,0.475051
raw,shallow_mlp,1,3,2,681,141,0.489362,0.540314,0.96072,0.323426
raw,shallow_mlp,1,3,3,568,254,0.822835,0.828749,0.841712,0.767371
raw,shallow_mlp,1,3,4,636,186,0.876344,0.719251,1.0,0.808958
raw,shallow_mlp,2,1,1,633,218,0.53211,0.323554,0.853903,0.285843
raw,shallow_mlp,2,1,2,688,163,0.92638,0.73,0.981717,0.888661
raw,shallow_mlp,2,1,3,580,271,0.726937,0.626687,0.933648,0.615175
raw,shallow_mlp,2,1,4,652,199,1.0,1.0,1.0,1.0
raw,shallow_mlp,2,2,1,616,216,1.0,1.0,1.0,1.0
raw,shallow_mlp,2,2,2,648,184,0.804348,0.593434,0.995636,0.684301
raw,shallow_mlp,2,2,3,617,215,1.0,1.0,1.0,1.0
raw,shallow_mlp,2,2,4,615,217,0.709677,0.647059,0.829396,0.610335
raw,shallow_mlp,2,3,1,581,241,0.738589,0.772545,0.921363,0.613064
raw,shallow_mlp,2,3,2,681,141,0.269504,0.430328,0.747041,0.037064
raw,shallow_mlp,2,3,3,568,254,0.484252,0.369054,0.836323,0.281758
raw,shallow_mlp,2,3,4,636,186,1.0,1.0,1.0,1.0
raw,shallow_mlp,3,1,1,633,218,0.692661,0.561404,0.846538,0.569525
raw,shallow_mlp,3,1,2,688,163,0.239264,0.375,0.549191,-0.04498
raw,shallow_mlp,3,1,3,580,271,0.660517,0.647547,0.811454,0.548914
raw,shallow_mlp,3,1,4,652,199,0.788945,0.642857,1.0,0.714705
raw,shallow_mlp,3,2,1,616,216,0.569444,0.473368,0.905938,0.404871
raw,shallow_mlp,3,2,2,648,184,0.451087,0.428618,0.85422,0.223953
raw,shallow_mlp,3,2,3,617,215,0.716279,0.575223,0.870068,0.607371
raw,shallow_mlp,3,2,4,615,217,0.953917,0.731618,0.961288,0.929477
raw,shallow_mlp,3,3,1,581,241,0.825726,0.801136,1.0,0.764001
raw,shallow_mlp,3,3,2,681,141,0.680851,0.709726,0.847785,0.549776
raw,shallow_mlp,3,3,3,568,254,0.720472,0.640399,0.902641,0.622269
raw,shallow_mlp,3,3,4,636,186,0.553763,0.639597,0.810107,0.363906
raw,shallow_mlp,4,1,1,633,218,0.486239,0.524573,0.727817,0.33377
raw,shallow_mlp,4,1,2,688,163,0.625767,0.591951,0.921974,0.488476
raw,shallow_mlp,4,1,3,580,271,0.623616,0.519977,0.838158,0.491202
raw,shallow_mlp,4,1,4,652,199,0.638191,0.566291,0.84558,0.506612
raw,shallow_mlp,4,2,1,616,216,0.842593,0.804946,0.79537,0.786487
raw,shallow_mlp,4,2,2,648,184,0.228261,0.1824,0.82264,0.127088
raw,shallow_mlp,4,2,3,617,215,0.344186,0.273704,0.763968,0.157519
raw,shallow_mlp,4,2,4,615,217,0.539171,0.468693,0.865478,0.396468
raw,shallow_mlp,4,3,1,581,241,0.53112,0.484073,0.986155,0.421116
raw,shallow_mlp,4,3,2,681,141,0.453901,0.473915,0.766385,0.268889
raw,shallow_mlp,4,3,3,568,254,0.519685,0.413265,0.857436,0.368713
raw,shallow_mlp,4,3,4,636,186,1.0,1.0,1.0,1.0
raw,shallow_mlp,5,1,1,633,218,0.729358,0.631892,0.769212,0.602141
raw,shallow_mlp,5,1,2,688,163,0.644172,0.725198,0.848479,0.475419
raw,shallow_mlp,5,1,3,580,271,0.575646,0.546492,0.761641,0.443969
raw,shallow_mlp,5,1,4,652,199,0.638191,0.522436,0.998747,0.47478
raw,shallow_mlp,5,2,1,616,216,0.583333,0.455,0.643217,0.412689
raw,shallow_mlp,5,2,2,648,184,0.396739,0.258459,0.668012,0.196127
raw,shallow_mlp,5,2,3,617,215,0.609302,0.591676,0.844465,0.502767
raw,shallow_mlp,5,2,4,615,217,0.953917,0.731618,0.957214,0.929477
raw,shallow_mlp,5,3,1,581,241,0.452282,0.42946,0.589675,0.178367
raw,shallow_mlp,5,3,2,681,141,0.886525,0.704545,0.78203,0.826941
raw,shallow_mlp,5,3,3,568,254,0.685039,0.567383,0.789859,0.576755
raw,shallow_mlp,5,3,4,636,186,0.715054,0.60286,1.0,0.590121
raw,shallow_mlp,6,1,1,633,218,0.146789,0.092486,0.561468,0.018636
raw,shallow_mlp,6,1,2,688,163,0.374233,0.3375,0.391832,0.177989
raw,shallow_mlp,6,1,3,580,271,0.461255,0.425126,0.722393,0.304725
raw,shallow_mlp,6,1,4,652,199,0.492462,0.461135,0.75012,0.374895
raw,shallow_mlp,6,2,1,616,216,0.583333,0.558868,1.0,0.466139
raw,shallow_mlp,6,2,2,648,184,0.934783,0.878571,0.96592,0.89293
raw,shallow_mlp,6,2,3,617,215,0.655814,0.623288,0.903394,0.558889
raw,shallow_mlp,6,2,4,615,217,0.709677,0.560241,1.0,0.605329
raw,shallow_mlp,6,3,1,581,241,0.609959,0.563133,0.934841,0.50154
raw,shallow_mlp,6,3,2,681,141,0.751773,0.608602,0.966922,0.587064
raw,shallow_mlp,6,3,3,568,254,0.874016,0.867571,0.890592,0.831208
raw,shallow_mlp,6,3,4,636,186,0.602151,0.478131,0.82093,0.454524
raw,shallow_mlp,7,1,1,633,218,0.678899,0.616184,0.935811,0.548013
raw,shallow_mlp,7,1,2,688,163,0.742331,0.79852,0.960261,0.65139
raw,shallow_mlp,7,1,3,580,271,0.715867,0.623105,0.829555,0.620759
raw,shallow_mlp,7,1,4,652,199,0.778894,0.748974,0.92323,0.709682
raw,shallow_mlp,7,2,1,616,216,0.587963,0.621184,0.936136,0.465049
raw,shallow_mlp,7,2,2,648,184,0.608696,0.674845,0.930455,0.492063
raw,shallow_mlp,7,2,3,617,215,0.655814,0.6125,0.893802,0.551047
raw,shallow_mlp,7,2,4,615,217,0.953917,0.737864,0.750853,0.928665
raw,shallow_mlp,7,3,1,581,241,0.813278,0.789164,1.0,0.748271
raw,shallow_mlp,7,3,2,681,141,0.390071,0.477696,0.847599,0.233163
raw,shallow_mlp,7,3,3,568,254,0.685039,0.567383,1.0,0.576755
raw,shallow_mlp,7,3,4,636,186,0.784946,0.602495,0.974181,0.683202
raw,shallow_mlp,8,1,1,633,218,0.646789,0.708746,0.792484,0.515108
raw,shallow_mlp,8,1,2,688,163,1.0,1.0,1.0,1.0
raw,shallow_mlp,8,1,3,580,271,0.734317,0.634997,0.786844,0.628795
raw,shallow_mlp,8,1,4,652,199,0.638191,0.653714,0.866905,0.511223
raw,shallow_mlp,8,2,1,616,216,0.74537,0.789497,0.859197,0.663685
raw,shallow_mlp,8,2,2,648,184,0.554348,0.478522,0.811806,0.312682
raw,shallow_mlp,8,2,3,617,215,0.674419,0.616117,0.918182,0.541103
raw,shallow_mlp,8,2,4,615,217,0.866359,0.650679,0.995104,0.795303
raw,shallow_mlp,8,3,1,581,241,0.717842,0.638158,0.900291,0.606152
raw,shallow_mlp,8,3,2,681,141,0.865248,0.816249,1.0,0.803765
raw,shallow_mlp,8,3,3,568,254,0.874016,0.867571,0.937217,0.831208
raw,shallow_mlp,8,3,4,636,186,0.768817,0.761336,0.968187,0.648269
raw,shallow_mlp,9,1,1,633,218,0.738532,0.640476,0.86108,0.616197
raw,shallow_mlp,9,1,2,688,163,0.760736,0.614009,0.861083,0.650503
raw,shallow_mlp,9,1,3,580,271,0.557196,0.48952,0.601487,0.401623
raw,shallow_mlp,9,1,4,652,199,0.427136,0.274023,0.89656,0.188278
raw,shallow_mlp,9,2,1,616,216,0.638889,0.505135,0.79537,0.515138
raw,shallow_mlp,9,2,2,648,184,0.684783,0.722502,0.884326,0.552387
raw,shallow_mlp,9,2,3,617,215,0.725581,0.722717,1.0,0.642313
raw,shallow_mlp,9,2,4,615,217,0.705069,0.690628,0.991422,0.617062
raw,shallow_mlp,9,3,1,581,241,0.46888,0.326126,0.794065,0.260949
raw,shallow_mlp,9,3,2,681,141,0.460993,0.409055,0.630216,0.27423
raw,shallow_mlp,9,3,3,568,254,0.767717,0.70771,0.875622,0.692752
raw,shallow_mlp,9,3,4,636,186,0.612903,0.506156,0.751795,0.460739
raw,shallow_mlp,10,1,1,633,218,0.541284,0.567308,0.743957,0.383763
raw,shallow_mlp,10,1,2,688,163,0.429448,0.394318,0.84363,0.287004
raw,shallow_mlp,10,1,3,580,271,0.535055,0.348041,0.903514,0.33572
raw,shallow_mlp,10,1,4,652,199,0.361809,0.239063,0.725268,0.117594
raw,shallow_mlp,10,2,1,616,216,0.384259,0.351468,0.751594,0.190669
raw,shallow_mlp,10,2,2,648,184,0.804348,0.653148,0.75264,0.650301
raw,shallow_mlp,10,2,3,617,215,0.767442,0.588675,0.700276,0.672356
raw,shallow_mlp,10,2,4,615,217,0.953917,0.72549,1.0,0.929864
raw,shallow_mlp,10,3,1,581,241,0.543568,0.386667,0.748339,0.404885
raw,shallow_mlp,10,3,2,681,141,0.460993,0.529643,0.802922,0.286124
raw,shallow_mlp,10,3,3,568,254,0.559055,0.478868,0.844012,0.386923
raw,shallow_mlp,10,3,4,636,186,0.537634,0.450912,0.71843,0.366595
raw,shallow_mlp,11,1,1,633,218,0.62844,0.486833,0.819534,0.447289
raw,shallow_mlp,11,1,2,688,163,0.220859,0.163636,0.432221,0.065544
raw,shallow_mlp,11,1,3,580,271,0.575646,0.517698,0.889113,0.43606
raw,shallow_mlp,11,1,4,652,199,0.638191,0.480354,0.935673,0.495919
raw,shallow_mlp,11,2,1,616,216,0.49537,0.524462,0.694012,0.334464
raw,shallow_mlp,11,2,2,648,184,0.146739,0.095745,0.752588,-0.048795
raw,shallow_mlp,11,2,3,617,215,0.451163,0.346785,0.585905,0.245636
raw,shallow_mlp,11,2,4,615,217,0.087558,0.07037,0.535436,-0.165306
raw,shallow_mlp,11,3,1,581,241,0.626556,0.664773,0.822266,0.464074
raw,shallow_mlp,11,3,2,681,141,0.460993,0.392385,0.709084,0.297818
raw,shallow_mlp,11,3,3,568,254,0.519685,0.431795,0.638158,0.324748
raw,shallow_mlp,11,3,4,636,186,0.564516,0.444444,0.619925,0.330221
raw,shallow_mlp,12,1,1,633,218,0.385321,0.306417,0.628351,0.125494
raw,shallow_mlp,12,1,2,688,163,0.490798,0.47744,0.826447,0.358785
raw,shallow_mlp,12,1,3,580,271,0.243542,0.243509,0.66439,-0.008166
raw,shallow_mlp,12,1,4,652,199,0.623116,0.508571,0.862926,0.483582
raw,shallow_mlp,12,2,1,616,216,0.324074,0.35119,0.421647,0.13124
raw,shallow_mlp,12,2,2,648,184,0.146739,0.135,0.598595,0.034008
raw,shallow_mlp,12,2,3,617,215,0.167442,0.084112,0.446122,-0.037919
raw,shallow_mlp,12,2,4,615,217,0.62212,0.437395,0.680302,0.453669
raw,shallow_mlp,12,3,1,581,241,0.377593,0.360132,0.634924,0.124676
raw,shallow_mlp,12,3,2,681,141,0.546099,0.554141,0.644066,0.394159
raw,shallow_mlp,12,3,3,568,254,0.452756,0.353313,0.731682,0.269783
raw,shallow_mlp,12,3,4,636,186,0.451613,0.472222,0.573032,0.303831
raw,shallow_mlp,13,1,1,633,218,0.472477,0.561373,0.837938,0.304152
raw,shallow_mlp,13,1,2,688,163,0.791411,0.77326,0.853035,0.701915
raw,shallow_mlp,13,1,3,580,271,0.642066,0.524212,0.947245,0.509461
raw,shallow_mlp,13,1,4,652,199,0.427136,0.408974,0.828154,0.232855
raw,shallow_mlp,13,2,1,616,216,0.541667,0.400646,0.789854,0.357259
raw,shallow_mlp,13,2,2,648,184,0.298913,0.146277,0.55187,-0.030611
raw,shallow_mlp,13,2,3,617,215,0.483721,0.570104,0.68941,0.292197
raw,shallow_mlp,13,2,4,615,217,0.612903,0.613297,0.862802,0.473271
raw,shallow_mlp,13,3,1,581,241,0.73029,0.560484,0.951485,0.614751
raw,shallow_mlp,13,3,2,681,141,0.503546,0.471971,0.841732,0.313391
raw,shallow_mlp,13,3,3,568,254,0.874016,0.867571,0.996383,0.831208
raw,shallow_mlp,13,3,4,636,186,0.666667,0.535894,0.801655,0.457624
raw,shallow_mlp,14,1,1,633,218,0.408257,0.445828,0.654837,0.255992
raw,shallow_mlp,14,1,2,688,163,0.539877,0.551736,0.821992,0.313395
raw,shallow_mlp,14,1,3,580,271,0.461255,0.316704,0.716173,0.235085
raw,shallow_mlp,14,1,4,652,199,0.582915,0.448345,0.742397,0.416237
raw,shallow_mlp,14,2,1,616,216,0.541667,0.523035,0.792373,0.403182
raw,shallow_mlp,14,2,2,648,184,0.722826,0.420228,0.818453,0.49984
raw,shallow_mlp,14,2,3,617,215,0.451163,0.368413,0.652923,0.245502
raw,shallow_mlp,14,2,4,615,217,0.543779,0.49484,0.73547,0.380483
raw,shallow_mlp,14,3,1,581,241,0.904564,0.721675,1.0,0.856626
raw,shallow_mlp,14,3,2,681,141,0.744681,0.587191,1.0,0.636754
raw,shallow_mlp,14,3,3,568,254,1.0,1.0,1.0,1.0
raw,shallow_mlp,14,3,4,636,186,0.924731,0.903623,0.99429,0.892263
raw,shallow_mlp,15,1,1,633,218,0.605505,0.517288,0.810179,0.458963
raw,shallow_mlp,15,1,2,688,163,0.717791,0.652542,0.988601,0.599295
raw,shallow_mlp,15,1,3,580,271,0.734317,0.611921,0.951577,0.642034
raw,shallow_mlp,15,1,4,652,199,0.517588,0.437117,0.857096,0.340218
raw,shallow_mlp,15,2,1,616,216,1.0,1.0,1.0,1.0
raw,shallow_mlp,15,2,2,648,184,0.934783,0.936607,1.0,0.886943
raw,shallow_mlp,15,2,3,617,215,0.832558,0.699438,1.0,0.758095
raw,shallow_mlp,15,2,4,615,217,0.953917,0.730894,1.0,0.92927
raw,shallow_mlp,15,3,1,581,241,1.0,1.0,1.0,1.0
raw,shallow_mlp,15,3,2,681,141,0.439716,0.369266,0.688833,0.232693
raw,shallow_mlp,15,3,3,568,254,0.874016,0.887273,1.0,0.827424
raw,shallow_mlp,15,3,4,636,186,0.462366,0.399561,0.873139,0.202777
temporal_crop,lightgbm,1,1,1,543,188,0.632979,0.532625,0.81681,0.455507
temporal_crop,lightgbm,1,1,2,598,133,0.43609,0.342949,0.598425,0.149906
temporal_crop,lightgbm,1,1,3,490,241,0.680498,0.555779,0.735722,0.558671
temporal_crop,lightgbm,1,1,4,562,169,0.627219,0.536762,0.710219,0.488371
temporal_crop,lightgbm,1,2,1,526,186,0.634409,0.533766,0.758676,0.490739
temporal_crop,lightgbm,1,2,2,558,154,0.818182,0.579709,0.800779,0.678784
temporal_crop,lightgbm,1,2,3,527,185,0.32973,0.199346,0.648066,0.111473
temporal_crop,lightgbm,1,2,4,525,187,0.534759,0.510751,0.88467,0.405785
temporal_crop,lightgbm,1,3,1,491,211,0.43128,0.509055,0.739102,0.286117
temporal_crop,lightgbm,1,3,2,591,111,0.252252,0.231566,0.61157,0.084741
temporal_crop,lightgbm,1,3,3,478,224,0.758929,0.766107,0.836418,0.684145
temporal_crop,lightgbm,1,3,4,546,156,0.692308,0.732143,0.885821,0.606764
temporal_crop,lightgbm,2,1,1,543,188,0.494681,0.336021,0.6296,0.281779
temporal_crop,lightgbm,2,1,2,598,133,0.93985,0.719076,1.0,0.909501
temporal_crop,lightgbm,2,1,3,490,241,0.676349,0.584868,0.687938,0.563365
temporal_crop,lightgbm,2,1,4,562,169,0.443787,0.353063,0.817421,0.253197
temporal_crop,lightgbm,2,2,1,526,186,0.27957,0.246126,0.696002,0.089501
temporal_crop,lightgbm,2,2,2,558,154,0.883117,0.744624,0.994742,0.793811
temporal_crop,lightgbm,2,2,3,527,185,0.945946,0.940914,1.0,0.92578
temporal_crop,lightgbm,2,2,4,525,187,0.86631,0.680105,0.898527,0.798708
temporal_crop,lightgbm,2,3,1,491,211,0.663507,0.772557,0.903546,0.509543
temporal_crop,lightgbm,2,3,2,591,111,0.684685,0.698021,0.856003,0.560868
temporal_crop,lightgbm,2,3,3,478,224,0.6875,0.58331,0.91083,0.579951
temporal_crop,lightgbm,2,3,4,546,156,0.730769,0.763714,0.987723,0.635413
temporal_crop,lightgbm,3,1,1,543,188,0.234043,0.187212,0.613892,0.129742
temporal_crop,lightgbm,3,1,2,598,133,0.052632,0.25,0.542044,-0.234111
temporal_crop,lightgbm,3,1,3,490,241,0.394191,0.346007,0.623501,0.231763
temporal_crop,lightgbm,3,1,4,562,169,0.207101,0.233792,0.607613,0.014534
temporal_crop,lightgbm,3,2,1,526,186,0.553763,0.403465,0.907448,0.395205
temporal_crop,lightgbm,3,2,2,558,154,0.454545,0.408823,0.921364,0.294887
temporal_crop,lightgbm,3,2,3,527,185,0.32973,0.249816,0.672432,0.130072
temporal_crop,lightgbm,3,2,4,525,187,0.898396,0.70505,0.938387,0.8453
temporal_crop,lightgbm,3,3,1,491,211,0.78673,0.745363,0.79717,0.704021
temporal_crop,lightgbm,3,3,2,591,111,0.099099,0.161765,0.422006,-0.073709
temporal_crop,lightgbm,3,3,3,478,224,0.696429,0.717711,0.838184,0.595174
temporal_crop,lightgbm,3,3,4,546,156,0.685897,0.630385,0.745178,0.520392
temporal_crop,lightgbm,4,1,1,543,188,0.484043,0.460575,0.815183,0.363024
temporal_crop,lightgbm,4,1,2,598,133,0.511278,0.349941,0.822368,0.290754
temporal_crop,lightgbm,4,1,3,490,241,0.406639,0.374013,0.749445,0.236987
temporal_crop,lightgbm,4,1,4,562,169,1.0,1.0,1.0,1.0
temporal_crop,lightgbm,4,2,1,526,186,0.258065,0.215282,0.680692,0.026695
temporal_crop,lightgbm,4,2,2,558,154,0.831169,0.623941,0.988865,0.689179
temporal_crop,lightgbm,4,2,3,527,185,0.216216,0.178975,0.702599,-0.001381
temporal_crop,lightgbm,4,2,4,525,187,0.839572,0.607522,0.784061,0.751715
temporal_crop,lightgbm,4,3,1,491,211,0.781991,0.753275,0.844661,0.708406
temporal_crop,lightgbm,4,3,2,591,111,0.396396,0.413051,0.831156,0.182208
temporal_crop,lightgbm,4,3,3,478,224,0.544643,0.498383,0.698813,0.401697
temporal_crop,lightgbm,4,3,4,546,156,0.884615,0.706731,0.93748,0.8245
temporal_crop,lightgbm,5,1,1,543,188,0.5,0.550725,0.560622,0.344753
temporal_crop,lightgbm,5,1,2,598,133,0.451128,0.323099,0.92082,0.234547
temporal_crop,lightgbm,5,1,3,490,241,0.659751,0.571789,0.854091,0.519103
temporal_crop,lightgbm,5,1,4,562,169,0.289941,0.118932,0.492948,-0.04032
temporal_crop,lightgbm,5,2,1,526,186,0.774194,0.640215,0.800986,0.691774
temporal_crop,lightgbm,5,2,2,558,154,0.688312,0.342593,0.849104,0.461382
temporal_crop,lightgbm,5,2,3,527,185,0.481081,0.432355,0.762662,0.317028
temporal_crop,lightgbm,5,2,4,525,187,0.973262,0.738739,0.927198,0.958389
temporal_crop,lightgbm,5,3,1,491,211,0.464455,0.242854,0.657023,0.153212
temporal_crop,lightgbm,5,3,2,591,111,0.513514,0.25,0.762913,0.248307
temporal_crop,lightgbm,5,3,3,478,224,0.330357,0.203297,0.636892,0.091548
temporal_crop,lightgbm,5,3,4,546,156,0.608974,0.411338,0.7666,0.3737
temporal_crop,lightgbm,6,1,1,543,188,0.143617,0.120536,0.507626,0.032909
temporal_crop,lightgbm,6,1,2,598,133,0.090226,0.109091,0.486914,-0.178198
temporal_crop,lightgbm,6,1,3,490,241,0.261411,0.22093,0.549819,0.018465
temporal_crop,lightgbm,6,1,4,562,169,0.35503,0.275445,0.725423,0.218853
temporal_crop,lightgbm,6,2,1,526,186,0.403226,0.312886,0.799791,0.247375
temporal_crop,lightgbm,6,2,2,558,154,0.266234,0.284444,0.964569,0.118172
temporal_crop,lightgbm,6,2,3,527,185,0.724324,0.695756,0.773776,0.627281
temporal_crop,lightgbm,6,2,4,525,187,0.668449,0.551975,0.821852,0.528277
temporal_crop,lightgbm,6,3,1,491,211,0.635071,0.579646,1.0,0.53732
temporal_crop,lightgbm,6,3,2,591,111,0.693694,0.710143,0.770751,0.554533
temporal_crop,lightgbm,6,3,3,478,224,0.879464,0.872225,1.0,0.838371
temporal_crop,lightgbm,6,3,4,546,156,0.608974,0.379044,0.834225,0.420428
temporal_crop,lightgbm,7,1,1,543,188,0.005319,0.003788,0.381311,-0.239546
temporal_crop,lightgbm,7,1,2,598,133,0.338346,0.287607,0.723121,0.194993
temporal_crop,lightgbm,7,1,3,490,241,0.676349,0.661434,0.921161,0.57089
temporal_crop,lightgbm,7,1,4,562,169,0.781065,0.683453,0.888862,0.690139
temporal_crop,lightgbm,7,2,1,526,186,0.33871,0.328347,0.527284,0.069243
temporal_crop,lightgbm,7,2,2,558,154,0.636364,0.609002,0.90177,0.478786
temporal_crop,lightgbm,7,2,3,527,185,0.497297,0.361376,0.641546,0.316258
temporal_crop,lightgbm,7,2,4,525,187,0.84492,0.656823,0.794234,0.767353
temporal_crop,lightgbm,7,3,1,491,211,0.862559,0.830462,0.985841,0.810458
temporal_crop,lightgbm,7,3,2,591,111,0.45045,0.382811,0.626315,0.275596
temporal_crop,lightgbm,7,3,3,478,224,0.522321,0.412879,0.745642,0.370373
temporal_crop,lightgbm,7,3,4,546,156,0.326923,0.362585,0.701053,0.013788
temporal_crop,lightgbm,8,1,1,543,188,0.345745,0.46644,0.571398,0.160074
temporal_crop,lightgbm,8,1,2,598,133,0.804511,0.854818,0.95465,0.721713
temporal_crop,lightgbm,8,1,3,490,241,0.373444,0.317911,0.717393,0.176134
temporal_crop,lightgbm,8,1,4,562,169,0.426036,0.391608,0.734336,0.26469
temporal_crop,lightgbm,8,2,1,526,186,0.327957,0.338,0.663883,0.095155
temporal_crop,lightgbm,8,2,2,558,154,0.298701,0.323307,0.74522,0.109636
temporal_crop,lightgbm,8,2,3,527,185,0.67027,0.614933,0.873661,0.558196
temporal_crop,lightgbm,8,2,4,525,187,0.705882,0.504063,0.959025,0.577114
temporal_crop,lightgbm,8,3,1,491,211,0.824645,0.794007,0.927651,0.758335
temporal_crop,lightgbm,8,3,2,591,111,0.396396,0.501256,0.879412,0.216416
temporal_crop,lightgbm,8,3,3,478,224,0.651786,0.650222,0.943039,0.543693
temporal_crop,lightgbm,8,3,4,546,156,0.583333,0.544585,0.930595,0.399182
temporal_crop,lightgbm,9,1,1,543,188,0.340426,0.367834,0.669013,0.136177
temporal_crop,lightgbm,9,1,2,598,133,0.548872,0.35104,0.927377,0.33439
temporal_crop,lightgbm,9,1,3,490,241,0.564315,0.492716,0.761764,0.41058
temporal_crop,lightgbm,9,1,4,562,169,0.857988,0.702825,0.912671,0.796253
temporal_crop,lightgbm,9,2,1,526,186,0.435484,0.301506,0.821112,0.218956
temporal_crop,lightgbm,9,2,2,558,154,0.558442,0.355394,0.724028,0.28849
temporal_crop,lightgbm,9,2,3,527,185,0.578378,0.508225,0.704616,0.447634
temporal_crop,lightgbm,9,2,4,525,187,0.534759,0.630643,0.942924,0.356779
temporal_crop,lightgbm,9,3,1,491,211,0.43128,0.205357,0.583592,0.085062
temporal_crop,lightgbm,9,3,2,591,111,0.189189,0.134615,0.754987,-0.059835
temporal_crop,lightgbm,9,3,3,478,224,0.549107,0.48506,0.841846,0.423901
temporal_crop,lightgbm,9,3,4,546,156,0.115385,0.12,0.559094,-0.081483
temporal_crop,lightgbm,10,1,1,543,188,0.680851,0.587047,0.86876,0.557872
temporal_crop,lightgbm,10,1,2,598,133,0.451128,0.407601,0.697123,0.320146
temporal_crop,lightgbm,10,1,3,490,241,0.522822,0.518827,0.792477,0.381113
temporal_crop,lightgbm,10,1,4,562,169,0.260355,0.176,0.531215,-0.001327
temporal_crop,lightgbm,10,2,1,526,186,0.462366,0.428748,0.94767,0.293903
temporal_crop,lightgbm,10,2,2,558,154,0.064935,0.036232,0.842346,-0.083977
temporal_crop,lightgbm,10,2,3,527,185,0.313514,0.228044,0.758317,0.112861
temporal_crop,lightgbm,10,2,4,525,187,0.791444,0.773899,1.0,0.685348
temporal_crop,lightgbm,10,3,1,491,211,0.379147,0.169492,0.464922,0.100433
temporal_crop,lightgbm,10,3,2,591,111,0.774775,0.635895,0.842836,0.639142
temporal_crop,lightgbm,10,3,3,478,224,0.674107,0.619669,0.933638,0.547425
temporal_crop,lightgbm,10,3,4,546,156,0.826923,0.681306,0.964644,0.723204
temporal_crop,lightgbm,11,1,1,543,188,0.25,0.134286,0.572174,-0.017543
temporal_crop,lightgbm,11,1,2,598,133,0.278195,0.191964,0.324198,0.005762
temporal_crop,lightgbm,11,1,3,490,241,0.427386,0.373138,0.614911,0.252428
temporal_crop,lightgbm,11,1,4,562,169,0.579882,0.507351,0.840745,0.424757
temporal_crop,lightgbm,11,2,1,526,186,0.403226,0.402859,0.798477,0.191241
temporal_crop,lightgbm,11,2,2,558,154,0.474026,0.372132,0.856844,0.309379
temporal_crop,lightgbm,11,2,3,527,185,0.254054,0.222934,0.560149,0.040586
temporal_crop,lightgbm,11,2,4,525,187,0.074866,0.06087,0.526424,-0.17747
temporal_crop,lightgbm,11,3,1,491,211,0.516588,0.379306,0.651803,0.306078
temporal_crop,lightgbm,11,3,2,591,111,0.738739,0.639469,0.996589,0.586247
temporal_crop,lightgbm,11,3,3,478,224,0.616071,0.493138,0.889322,0.486704
temporal_crop,lightgbm,11,3,4,546,156,0.576923,0.518661,0.601257,0.388453
temporal_crop,lightgbm,12,1,1,543,188,0.393617,0.303953,0.605883,0.181954
temporal_crop,lightgbm,12,1,2,598,133,0.233083,0.156566,0.441622,0.081019
temporal_crop,lightgbm,12,1,3,490,241,0.240664,0.209053,0.460072,-0.040263
temporal_crop,lightgbm,12,1,4,562,169,0.455621,0.344347,0.658556,0.254614
temporal_crop,lightgbm,12,2,1,526,186,0.311828,0.372727,0.39152,0.121314
temporal_crop,lightgbm,12,2,2,558,154,0.422078,0.255649,0.501462,0.191577
temporal_crop,lightgbm,12,2,3,527,185,0.243243,0.170066,0.666124,0.077307
temporal_crop,lightgbm,12,2,4,525,187,0.256684,0.135593,0.683177,-0.100326
temporal_crop,lightgbm,12,3,1,491,211,0.298578,0.222579,0.727405,-0.00794
temporal_crop,lightgbm,12,3,2,591,111,0.153153,0.103659,0.580704,0.010526
temporal_crop,lightgbm,12,3,3,478,224,0.459821,0.409619,0.68612,0.266071
temporal_crop,lightgbm,12,3,4,546,156,0.115385,0.2,0.470749,-0.099321
temporal_crop,lightgbm,13,1,1,543,188,0.484043,0.472916,0.786829,0.320516
temporal_crop,lightgbm,13,1,2,598,133,0.496241,0.270498,0.890584,0.176052
temporal_crop,lightgbm,13,1,3,490,241,0.53527,0.493961,0.728098,0.378179
temporal_crop,lightgbm,13,1,4,562,169,0.236686,0.192644,0.638594,0.078532
temporal_crop,lightgbm,13,2,1,526,186,0.763441,0.630007,0.882056,0.678378
temporal_crop,lightgbm,13,2,2,558,154,0.318182,0.195926,0.638172,0.012579
temporal_crop,lightgbm,13,2,3,527,185,0.454054,0.46911,0.916394,0.298137
temporal_crop,lightgbm,13,2,4,525,187,0.973262,0.743094,0.839022,0.958062
temporal_crop,lightgbm,13,3,1,491,211,0.781991,0.613024,0.817081,0.681499
temporal_crop,lightgbm,13,3,2,591,111,0.234234,0.112069,0.610652,0.032308
temporal_crop,lightgbm,13,3,3,478,224,0.669643,0.699371,0.910368,0.571059
temporal_crop,lightgbm,13,3,4,546,156,0.378205,0.415789,0.790264,0.132538
temporal_crop,lightgbm,14,1,1,543,188,0.090426,0.25,0.529423,-0.112426
temporal_crop,lightgbm,14,1,2,598,133,0.714286,0.671064,0.683959,0.54341
temporal_crop,lightgbm,14,1,3,490,241,0.564315,0.482986,0.855655,0.418436
temporal_crop,lightgbm,14,1,4,562,169,0.609467,0.617362,0.855868,0.507876
temporal_crop,lightgbm,14,2,1,526,186,0.392473,0.400744,0.661596,0.204978
temporal_crop,lightgbm,14,2,2,558,154,0.5,0.402778,0.432681,0.192674
temporal_crop,lightgbm,14,2,3,527,185,0.32973,0.165761,0.729349,0.07649
temporal_crop,lightgbm,14,2,4,525,187,0.695187,0.481836,0.825847,0.544351
temporal_crop,lightgbm,14,3,1,491,211,0.630332,0.360872,0.711491,0.409133
temporal_crop,lightgbm,14,3,2,591,111,0.324324,0.193548,0.611465,0.074074
temporal_crop,lightgbm,14,3,3,478,224,0.848214,0.870951,1.0,0.796668
temporal_crop,lightgbm,14,3,4,546,156,0.397436,0.363372,0.704778,0.034501
temporal_crop,lightgbm,15,1,1,543,188,0.090426,0.069106,0.53475,-0.112696
temporal_crop,lightgbm,15,1,2,598,133,0.729323,0.658163,0.948765,0.603708
temporal_crop,lightgbm,15,1,3,490,241,0.767635,0.776761,0.960242,0.69263
temporal_crop,lightgbm,15,1,4,562,169,0.715976,0.710077,0.79806,0.633024
temporal_crop,lightgbm,15,2,1,526,186,0.763441,0.659836,1.0,0.675418
temporal_crop,lightgbm,15,2,2,558,154,0.766234,0.394767,0.837713,0.555912
temporal_crop,lightgbm,15,2,3,527,185,0.891892,0.889601,1.0,0.85379
temporal_crop,lightgbm,15,2,4,525,187,0.748663,0.523405,0.997536,0.582669
temporal_crop,lightgbm,15,3,1,491,211,1.0,1.0,1.0,1.0
temporal_crop,lightgbm,15,3,2,591,111,0.468468,0.393299,0.637904,0.306323
temporal_crop,lightgbm,15,3,3,478,224,0.924107,0.899415,1.0,0.896978
temporal_crop,lightgbm,15,3,4,546,156,0.378205,0.418174,0.784712,0.187325
temporal_crop,shallow_mlp,1,1,1,543,188,0.37766,0.433922,0.670586,0.101801
temporal_crop,shallow_mlp,1,1,2,598,133,0.503759,0.631875,0.758615,0.304823
temporal_crop,shallow_mlp,1,1,3,490,241,0.580913,0.477415,0.726035,0.425459
temporal_crop,shallow_mlp,1,1,4,562,169,0.64497,0.414773,0.853799,0.469554
temporal_crop,shallow_mlp,1,2,1,526,186,0.435484,0.443307,0.941981,0.276104
temporal_crop,shallow_mlp,1,2,2,558,154,0.688312,0.409484,0.784027,0.373559
temporal_crop,shallow_mlp,1,2,3,527,185,0.594595,0.504694,0.723006,0.433766
temporal_crop,shallow_mlp,1,2,4,525,187,0.561497,0.581723,0.964383,0.471715
temporal_crop,shallow_mlp,1,3,1,491,211,0.810427,0.862281,0.849013,0.722843
temporal_crop,shallow_mlp,1,3,2,591,111,0.675676,0.756044,0.966699,0.576066
temporal_crop,shallow_mlp,1,3,3,478,224,0.674107,0.676225,0.823142,0.577216
temporal_crop,shallow_mlp,1,3,4,546,156,1.0,1.0,1.0,1.0
temporal_crop,shallow_mlp,2,1,1,543,188,0.537234,0.414706,0.899071,0.209511
temporal_crop,shallow_mlp,2,1,2,598,133,0.947368,0.736,0.977293,0.91931
temporal_crop,shallow_mlp,2,1,3,490,241,0.79668,0.689655,0.942708,0.714772
temporal_crop,shallow_mlp,2,1,4,562,169,1.0,1.0,1.0,1.0
temporal_crop,shallow_mlp,2,2,1,526,186,0.844086,0.809362,0.95068,0.785433
temporal_crop,shallow_mlp,2,2,2,558,154,0.831169,0.593891,1.0,0.704981
temporal_crop,shallow_mlp,2,2,3,527,185,0.978378,0.975396,1.0,0.970082
temporal_crop,shallow_mlp,2,2,4,525,187,0.716578,0.650376,0.851629,0.622855
temporal_crop,shallow_mlp,2,3,1,491,211,0.701422,0.71769,0.96511,0.549527
temporal_crop,shallow_mlp,2,3,2,591,111,0.252252,0.391667,0.767538,0.077501
temporal_crop,shallow_mlp,2,3,3,478,224,0.602679,0.440722,0.836993,0.439953
temporal_crop,shallow_mlp,2,3,4,546,156,1.0,1.0,1.0,1.0
temporal_crop,shallow_mlp,3,1,1,543,188,0.531915,0.506377,0.80644,0.400232
temporal_crop,shallow_mlp,3,1,2,598,133,0.218045,0.375,0.453431,-0.083418
temporal_crop,shallow_mlp,3,1,3,490,241,0.630705,0.604199,0.795761,0.505556
temporal_crop,shallow_mlp,3,1,4,562,169,0.781065,0.638554,0.732713,0.70527
temporal_crop,shallow_mlp,3,2,1,526,186,0.61828,0.54219,0.898397,0.425676
temporal_crop,shallow_mlp,3,2,2,558,154,0.480519,0.461728,0.815613,0.240444
temporal_crop,shallow_mlp,3,2,3,527,185,0.724324,0.581414,0.851133,0.618449
temporal_crop,shallow_mlp,3,2,4,525,187,0.898396,0.701031,0.978305,0.84647
temporal_crop,shallow_mlp,3,3,1,491,211,1.0,1.0,1.0,1.0
temporal_crop,shallow_mlp,3,3,2,591,111,0.684685,0.704026,0.843474,0.543907
temporal_crop,shallow_mlp,3,3,3,478,224,0.727679,0.677033,0.86096,0.62276
temporal_crop,shallow_mlp,3,3,4,546,156,0.532051,0.668156,0.767341,0.313769
temporal_crop,shallow_mlp,4,1,1,543,188,0.484043,0.519815,0.732895,0.328027
temporal_crop,shallow_mlp,4,1,2,598,133,0.714286,0.636383,0.943731,0.585023
temporal_crop,shallow_mlp,4,1,3,490,241,0.742739,0.620037,0.915393,0.65298
temporal_crop,shallow_mlp,4,1,4,562,169,0.633136,0.553871,0.906051,0.500691
temporal_crop,shallow_mlp,4,2,1,526,186,0.844086,0.797448,0.788453,0.787395
temporal_crop,shallow_mlp,4,2,2,558,154,0.207792,0.190387,0.838643,0.05044
temporal_crop,shallow_mlp,4,2,3,527,185,0.372973,0.293706,0.664256,0.18921
temporal_crop,shallow_mlp,4,2,4,525,187,0.759358,0.60172,0.843579,0.644862
temporal_crop,shallow_mlp,4,3,1,491,211,0.535545,0.485425,0.958117,0.426233
temporal_crop,shallow_mlp,4,3,2,591,111,0.441441,0.467789,0.700183,0.243736
temporal_crop,shallow_mlp,4,3,3,478,224,0.522321,0.412879,0.914326,0.370373
temporal_crop,shallow_mlp,4,3,4,546,156,0.942308,0.892982,1.0,0.913467
temporal_crop,shallow_mlp,5,1,1,543,188,0.590426,0.445349,0.678439,0.37336
temporal_crop,shallow_mlp,5,1,2,598,133,0.503759,0.64375,0.835824,0.273705
temporal_crop,shallow_mlp,5,1,3,490,241,0.726141,0.645103,0.907135,0.629101
temporal_crop,shallow_mlp,5,1,4,562,169,0.633136,0.508159,1.0,0.465953
temporal_crop,shallow_mlp,5,2,1,526,186,0.387097,0.393294,0.618622,0.169513
temporal_crop,shallow_mlp,5,2,2,558,154,0.409091,0.253409,0.589657,0.198375
temporal_crop,shallow_mlp,5,2,3,527,185,0.562162,0.506335,0.873992,0.448148
temporal_crop,shallow_mlp,5,2,4,525,187,0.973262,0.738739,0.885288,0.958389
temporal_crop,shallow_mlp,5,3,1,491,211,0.407583,0.507044,0.795603,0.179958
temporal_crop,shallow_mlp,5,3,2,591,111,0.774775,0.622449,0.807647,0.654464
temporal_crop,shallow_mlp,5,3,3,478,224,0.535714,0.405675,0.837923,0.349673
temporal_crop,shallow_mlp,5,3,4,546,156,0.833333,0.796772,0.99079,0.755869
temporal_crop,shallow_mlp,6,1,1,543,188,0.143617,0.079882,0.543634,0.01497
temporal_crop,shallow_mlp,6,1,2,598,133,0.383459,0.348077,0.613902,0.193403
temporal_crop,shallow_mlp,6,1,3,490,241,0.286307,0.227048,0.610439,0.022266
temporal_crop,shallow_mlp,6,1,4,562,169,0.56213,0.534005,0.68102,0.454625
temporal_crop,shallow_mlp,6,2,1,526,186,1.0,1.0,1.0,1.0
temporal_crop,shallow_mlp,6,2,2,558,154,0.954545,0.896296,0.97814,0.919263
temporal_crop,shallow_mlp,6,2,3,527,185,0.805405,0.810337,0.926856,0.7418
temporal_crop,shallow_mlp,6,2,4,525,187,0.716578,0.539683,0.976345,0.607547
temporal_crop,shallow_mlp,6,3,1,491,211,0.464455,0.329646,0.932836,0.29121
temporal_crop,shallow_mlp,6,3,2,591,111,0.810811,0.752339,1.0,0.677593
temporal_crop,shallow_mlp,6,3,3,478,224,0.879464,0.872225,0.885894,0.838371
temporal_crop,shallow_mlp,6,3,4,546,156,0.576923,0.458978,0.835234,0.416657
temporal_crop,shallow_mlp,7,1,1,543,188,0.680851,0.543527,0.928978,0.565318
temporal_crop,shallow_mlp,7,1,2,598,133,0.631579,0.725442,0.908898,0.498615
temporal_crop,shallow_mlp,7,1,3,490,241,0.709544,0.61704,0.914687,0.607163
temporal_crop,shallow_mlp,7,1,4,562,169,0.550296,0.4395,0.999377,0.424242
temporal_crop,shallow_mlp,7,2,1,526,186,0.844086,0.832453,0.892019,0.777319
temporal_crop,shallow_mlp,7,2,2,558,154,0.707792,0.726346,0.95951,0.583032
temporal_crop,shallow_mlp,7,2,3,527,185,0.654054,0.611781,0.947517,0.541937
temporal_crop,shallow_mlp,7,2,4,525,187,0.973262,0.743094,0.74644,0.958062
temporal_crop,shallow_mlp,7,3,1,491,211,0.739336,0.710012,1.0,0.656829
temporal_crop,shallow_mlp,7,3,2,591,111,0.36036,0.465936,0.819716,0.208973
temporal_crop,shallow_mlp,7,3,3,478,224,0.745536,0.699381,1.0,0.65796
temporal_crop,shallow_mlp,7,3,4,546,156,0.884615,0.706731,0.968512,0.8245
temporal_crop,shallow_mlp,8,1,1,543,188,0.643617,0.708214,0.748499,0.506967
temporal_crop,shallow_mlp,8,1,2,598,133,1.0,1.0,1.0,1.0
temporal_crop,shallow_mlp,8,1,3,490,241,0.742739,0.640931,0.705709,0.641627
temporal_crop,shallow_mlp,8,1,4,562,169,0.426036,0.421801,0.720039,0.227838
temporal_crop,shallow_mlp,8,2,1,526,186,0.731183,0.776442,0.856447,0.647647
temporal_crop,shallow_mlp,8,2,2,558,154,0.376623,0.317628,0.612412,0.101823
temporal_crop,shallow_mlp,8,2,3,527,185,0.891892,0.892728,0.939059,0.853558
temporal_crop,shallow_mlp,8,2,4,525,187,0.903743,0.673937,1.0,0.850073
temporal_crop,shallow_mlp,8,3,1,491,211,0.725118,0.590152,0.877489,0.5836
temporal_crop,shallow_mlp,8,3,2,591,111,0.765766,0.653274,1.0,0.627132
temporal_crop,shallow_mlp,8,3,3,478,224,0.879464,0.872225,0.890747,0.838371
temporal_crop,shallow_mlp,8,3,4,546,156,0.685897,0.59084,0.968512,0.493406
temporal_crop,shallow_mlp,9,1,1,543,188,0.75,0.554408,0.876435,0.624336
temporal_crop,shallow_mlp,9,1,2,598,133,0.781955,0.621101,0.900735,0.679758
temporal_crop,shallow_mlp,9,1,3,490,241,0.647303,0.58391,0.646548,0.511238
temporal_crop,shallow_mlp,9,1,4,562,169,0.633136,0.553871,0.780552,0.500691
temporal_crop,shallow_mlp,9,2,1,526,186,0.553763,0.356897,0.788453,0.403431
temporal_crop,shallow_mlp,9,2,2,558,154,0.545455,0.407537,0.751799,0.347537
temporal_crop,shallow_mlp,9,2,3,527,185,0.735135,0.731438,0.981276,0.653928
temporal_crop,shallow_mlp,9,2,4,525,187,0.71123,0.67749,0.964237,0.621826
temporal_crop,shallow_mlp,9,3,1,491,211,0.464455,0.321667,0.775885,0.275179
temporal_crop,shallow_mlp,9,3,2,591,111,0.441441,0.391052,0.67811,0.293719
temporal_crop,shallow_mlp,9,3,3,478,224,0.727679,0.622444,0.877357,0.640714
temporal_crop,shallow_mlp,9,3,4,546,156,0.326923,0.205177,0.590942,0.114786
temporal_crop,shallow_mlp,10,1,1,543,188,0.393617,0.288999,0.676357,0.151544
temporal_crop,shallow_mlp,10,1,2,598,133,0.218045,0.151042,0.790025,0.020813
temporal_crop,shallow_mlp,10,1,3,490,241,0.721992,0.659459,0.738672,0.614685
temporal_crop,shallow_mlp,10,1,4,562,169,0.686391,0.640533,0.917868,0.567545
temporal_crop,shallow_mlp,10,2,1,526,186,0.365591,0.338027,0.732046,0.174142
temporal_crop,shallow_mlp,10,2,2,558,154,0.831169,0.662673,0.801657,0.666944
temporal_crop,shallow_mlp,10,2,3,527,185,0.675676,0.451987,0.917172,0.532435
temporal_crop,shallow_mlp,10,2,4,525,187,0.973262,0.735632,1.0,0.9585
temporal_crop,shallow_mlp,10,3,1,491,211,0.549763,0.388462,0.734118,0.41167
temporal_crop,shallow_mlp,10,3,2,591,111,0.45045,0.525872,0.712261,0.275519
temporal_crop,shallow_mlp,10,3,3,478,224,0.517857,0.427829,0.787514,0.326747
temporal_crop,shallow_mlp,10,3,4,546,156,0.429487,0.307854,0.754355,0.192978
temporal_crop,shallow_mlp,11,1,1,543,188,0.68617,0.511277,0.865099,0.524622
temporal_crop,shallow_mlp,11,1,2,598,133,0.233083,0.156566,0.338335,0.081019
temporal_crop,shallow_mlp,11,1,3,490,241,0.585062,0.524693,0.751715,0.448361
temporal_crop,shallow_mlp,11,1,4,562,169,0.633136,0.467588,0.933219,0.487353
temporal_crop,shallow_mlp,11,2,1,526,186,0.44086,0.449219,0.603003,0.247081
temporal_crop,shallow_mlp,11,2,2,558,154,0.149351,0.099963,0.779256,-0.043123
temporal_crop,shallow_mlp,11,2,3,527,185,0.567568,0.40569,0.735934,0.393443
temporal_crop,shallow_mlp,11,2,4,525,187,0.074866,0.06087,0.526588,-0.170399
temporal_crop,shallow_mlp,11,3,1,491,211,0.450237,0.41453,0.745052,0.162584
temporal_crop,shallow_mlp,11,3,2,591,111,0.45045,0.378493,0.700181,0.285081
temporal_crop,shallow_mlp,11,3,3,478,224,0.642857,0.554043,0.697399,0.500585
temporal_crop,shallow_mlp,11,3,4,546,156,0.532051,0.38608,0.572503,0.292099
temporal_crop,shallow_mlp,12,1,1,543,188,0.521277,0.338654,0.619678,0.281773
temporal_crop,shallow_mlp,12,1,2,598,133,0.43609,0.431099,0.82703,0.279679
temporal_crop,shallow_mlp,12,1,3,490,241,0.165975,0.182124,0.696363,-0.100732
temporal_crop,shallow_mlp,12,1,4,562,169,0.668639,0.550149,0.887817,0.543992
temporal_crop,shallow_mlp,12,2,1,526,186,0.370968,0.348446,0.414346,0.183323
temporal_crop,shallow_mlp,12,2,2,558,154,0.233766,0.193048,0.605918,0.093937
temporal_crop,shallow_mlp,12,2,3,527,185,0.118919,0.062857,0.446925,-0.098463
temporal_crop,shallow_mlp,12,2,4,525,187,0.475936,0.383333,0.737569,0.203287
temporal_crop,shallow_mlp,12,3,1,491,211,0.445498,0.474811,0.55127,0.251796
temporal_crop,shallow_mlp,12,3,2,591,111,0.153153,0.118056,0.597038,0.002009
temporal_crop,shallow_mlp,12,3,3,478,224,0.535714,0.400327,0.677595,0.373005
temporal_crop,shallow_mlp,12,3,4,546,156,0.397436,0.425676,0.59436,0.222358
temporal_crop,shallow_mlp,13,1,1,543,188,0.361702,0.39652,0.872739,0.219323
temporal_crop,shallow_mlp,13,1,2,598,133,0.781955,0.751725,0.818884,0.679837
temporal_crop,shallow_mlp,13,1,3,490,241,0.639004,0.522912,1.0,0.505822
temporal_crop,shallow_mlp,13,1,4,562,169,0.43787,0.411255,0.82401,0.252143
temporal_crop,shallow_mlp,13,2,1,526,186,0.376344,0.274675,0.741183,0.148338
temporal_crop,shallow_mlp,13,2,2,558,154,0.357143,0.168712,0.606787,0.048671
temporal_crop,shallow_mlp,13,2,3,527,185,0.481081,0.505267,0.644688,0.312214
temporal_crop,shallow_mlp,13,2,4,525,187,0.502674,0.391921,0.853719,0.318748
temporal_crop,shallow_mlp,13,3,1,491,211,0.805687,0.633501,0.938528,0.710388
temporal_crop,shallow_mlp,13,3,2,591,111,0.477477,0.401261,0.817038,0.193334
temporal_crop,shallow_mlp,13,3,3,478,224,0.879464,0.872225,0.97475,0.838371
temporal_crop,shallow_mlp,13,3,4,546,156,0.75,0.615952,0.822431,0.590827
temporal_crop,shallow_mlp,14,1,1,543,188,0.393617,0.413389,0.649515,0.246837
temporal_crop,shallow_mlp,14,1,2,598,133,0.548872,0.618746,0.795595,0.317073
temporal_crop,shallow_mlp,14,1,3,490,241,0.456432,0.314524,0.694884,0.229525
temporal_crop,shallow_mlp,14,1,4,562,169,0.60355,0.458002,0.751416,0.460244
temporal_crop,shallow_mlp,14,2,1,526,186,0.521505,0.520487,0.808363,0.385888
temporal_crop,shallow_mlp,14,2,2,558,154,0.538961,0.376999,0.668242,0.266765
temporal_crop,shallow_mlp,14,2,3,527,185,0.508108,0.419048,0.660596,0.330457
temporal_crop,shallow_mlp,14,2,4,525,187,0.550802,0.488971,0.73388,0.389791
temporal_crop,shallow_mlp,14,3,1,491,211,0.914692,0.724719,1.0,0.871062
temporal_crop,shallow_mlp,14,3,2,591,111,0.891892,0.859783,1.0,0.835434
temporal_crop,shallow_mlp,14,3,3,478,224,1.0,1.0,1.0,1.0
temporal_crop,shallow_mlp,14,3,4,546,156,0.942308,0.920779,0.994289,0.915802
temporal_crop,shallow_mlp,15,1,1,543,188,0.462766,0.423134,0.770622,0.262602
temporal_crop,shallow_mlp,15,1,2,598,133,0.781955,0.751725,1.0,0.679837
temporal_crop,shallow_mlp,15,1,3,490,241,0.742739,0.620037,0.901612,0.65298
temporal_crop,shallow_mlp,15,1,4,562,169,0.538462,0.430278,0.924449,0.349936
temporal_crop,shallow_mlp,15,2,1,526,186,0.946237,0.955833,1.0,0.926407
temporal_crop,shallow_mlp,15,2,2,558,154,0.954545,0.936432,1.0,0.917369
temporal_crop,shallow_mlp,15,2,3,527,185,0.832432,0.699346,1.0,0.757772
temporal_crop,shallow_mlp,15,2,4,525,187,0.973262,0.735632,1.0,0.9585
temporal_crop,shallow_mlp,15,3,1,491,211,1.0,1.0,1.0,1.0
temporal_crop,shallow_mlp,15,3,2,591,111,0.522523,0.525641,0.666627,0.382557
temporal_crop,shallow_mlp,15,3,3,478,224,0.879464,0.890376,1.0,0.835038
temporal_crop,shallow_mlp,15,3,4,546,156,0.583333,0.478784,0.922133,0.398255
spectral_energy,lightgbm,1,1,1,378,130,0.661538,0.52066,0.813431,0.525626
spectral_energy,lightgbm,1,1,2,411,97,0.628866,0.614957,0.697829,0.481129
spectral_energy,lightgbm,1,1,3,346,162,0.592593,0.49511,0.899531,0.455046
spectral_energy,lightgbm,1,1,4,389,119,0.647059,0.55,0.781519,0.513719
spectral_energy,lightgbm,1,2,1,368,129,0.550388,0.380515,0.829839,0.377641
spectral_energy,lightgbm,1,2,2,387,110,0.481818,0.423479,0.848115,0.333617
spectral_energy,lightgbm,1,2,3,369,128,0.328125,0.25,0.550923,0.105186
spectral_energy,lightgbm,1,2,4,367,130,0.461538,0.443206,0.842718,0.326973
spectral_energy,lightgbm,1,3,1,348,145,0.358621,0.46696,0.687564,0.18426
spectral_energy,lightgbm,1,3,2,408,85,0.4,0.417321,0.730954,0.290507
spectral_energy,lightgbm,1,3,3,341,152,0.723684,0.721483,0.847867,0.631409
spectral_energy,lightgbm,1,3,4,382,111,0.765766,0.789352,0.892223,0.692455
spectral_energy,lightgbm,2,1,1,378,130,0.192308,0.103306,0.458459,-0.106428
spectral_energy,lightgbm,2,1,2,411,97,0.505155,0.357792,0.777605,0.328623
spectral_energy,lightgbm,2,1,3,346,162,0.728395,0.628257,0.896974,0.634574
spectral_energy,lightgbm,2,1,4,389,119,0.588235,0.412631,0.770538,0.422502
spectral_energy,lightgbm,2,2,1,368,129,0.744186,0.645047,0.937734,0.652547
spectral_energy,lightgbm,2,2,2,387,110,0.809091,0.68048,0.916667,0.653101
spectral_energy,lightgbm,2,2,3,369,128,1.0,1.0,1.0,1.0
spectral_energy,lightgbm,2,2,4,367,130,0.8,0.63289,0.7593,0.711555
spectral_energy,lightgbm,2,3,1,348,145,0.448276,0.471987,0.938719,0.232753
spectral_energy,lightgbm,2,3,2,408,85,0.388235,0.493258,0.838382,0.248938
spectral_energy,lightgbm,2,3,3,341,152,0.756579,0.745765,0.939134,0.677782
spectral_energy,lightgbm,2,3,4,382,111,0.792793,0.810588,1.0,0.724863
spectral_energy,lightgbm,3,1,1,378,130,0.1,0.090278,0.695015,-0.080179
spectral_energy,lightgbm,3,1,2,411,97,0.381443,0.486111,0.613434,0.139435
spectral_energy,lightgbm,3,1,3,346,162,0.45679,0.416637,0.562126,0.310105
spectral_energy,lightgbm,3,1,4,389,119,0.226891,0.193696,0.645344,-0.065395
spectral_energy,lightgbm,3,2,1,368,129,0.550388,0.407143,0.706137,0.394268
spectral_energy,lightgbm,3,2,2,387,110,0.890909,0.839837,0.974246,0.825972
spectral_energy,lightgbm,3,2,3,369,128,0.523438,0.472794,0.7491,0.380907
spectral_energy,lightgbm,3,2,4,367,130,0.415385,0.37033,0.683963,0.270472
spectral_energy,lightgbm,3,3,1,348,145,0.517241,0.461911,0.572652,0.363397
spectral_energy,lightgbm,3,3,2,408,85,0.294118,0.31339,0.557061,0.162149
spectral_energy,lightgbm,3,3,3,341,152,0.848684,0.85899,0.840327,0.792571
spectral_energy,lightgbm,3,3,4,382,111,0.720721,0.65486,0.807554,0.578928
spectral_energy,lightgbm,4,1,1,378,130,0.538462,0.462828,0.807951,0.397637
spectral_energy,lightgbm,4,1,2,411,97,0.484536,0.343108,0.826374,0.294237
spectral_energy,lightgbm,4,1,3,346,162,0.574074,0.518981,0.828437,0.440653
spectral_energy,lightgbm,4,1,4,389,119,0.781513,0.773169,1.0,0.706897
spectral_energy,lightgbm,4,2,1,368,129,0.379845,0.222727,0.782424,0.135389
spectral_energy,lightgbm,4,2,2,387,110,0.809091,0.615385,0.914748,0.691094
spectral_energy,lightgbm,4,2,3,369,128,0.15625,0.103093,0.559647,-0.040807
spectral_energy,lightgbm,4,2,4,367,130,0.869231,0.656374,0.745713,0.799692
spectral_energy,lightgbm,4,3,1,348,145,0.793103,0.804253,0.869017,0.714735
spectral_energy,lightgbm,4,3,2,408,85,0.576471,0.656388,0.805794,0.424163
spectral_energy,lightgbm,4,3,3,341,152,0.282895,0.260627,0.584772,0.078583
spectral_energy,lightgbm,4,3,4,382,111,1.0,1.0,1.0,1.0
spectral_energy,lightgbm,5,1,1,378,130,0.5,0.543235,0.666551,0.342259
spectral_energy,lightgbm,5,1,2,411,97,0.536082,0.621548,0.75815,0.368855
spectral_energy,lightgbm,5,1,3,346,162,0.320988,0.261541,0.667599,0.080638
spectral_energy,lightgbm,5,1,4,389,119,0.327731,0.213768,0.421328,0.00042
spectral_energy,lightgbm,5,2,1,368,129,0.550388,0.394737,0.768298,0.387725
spectral_energy,lightgbm,5,2,2,387,110,0.663636,0.34375,0.936439,0.460284
spectral_energy,lightgbm,5,2,3,369,128,0.554688,0.504399,0.899586,0.419108
spectral_energy,lightgbm,5,2,4,367,130,0.953846,0.73125,0.909274,0.929373
spectral_energy,lightgbm,5,3,1,348,145,0.551724,0.311397,0.760047,0.295538
spectral_energy,lightgbm,5,3,2,408,85,0.752941,0.547627,0.702439,0.629052
spectral_energy,lightgbm,5,3,3,341,152,0.328947,0.25,0.648951,0.097818
spectral_energy,lightgbm,5,3,4,382,111,0.801802,0.621499,0.809044,0.707475
spectral_energy,lightgbm,6,1,1,378,130,0.146154,0.092233,0.571578,-0.045425
spectral_energy,lightgbm,6,1,2,411,97,0.072165,0.066038,0.446452,-0.156751
spectral_energy,lightgbm,6,1,3,346,162,0.197531,0.108108,0.389253,0.00651
spectral_energy,lightgbm,6,1,4,389,119,0.605042,0.610982,0.739314,0.502756
spectral_energy,lightgbm,6,2,1,368,129,0.457364,0.453439,0.653907,0.314455
spectral_energy,lightgbm,6,2,2,387,110,0.190909,0.195549,0.739056,0.010011
spectral_energy,lightgbm,6,2,3,369,128,0.382812,0.313922,0.582292,0.163606
spectral_energy,lightgbm,6,2,4,367,130,0.723077,0.557236,0.834123,0.598007
spectral_energy,lightgbm,6,3,1,348,145,0.641379,0.5875,0.956758,0.544686
spectral_energy,lightgbm,6,3,2,408,85,0.576471,0.640048,0.801399,0.432177
spectral_energy,lightgbm,6,3,3,341,152,0.875,0.868281,0.934957,0.832551
spectral_energy,lightgbm,6,3,4,382,111,0.387387,0.305749,0.718779,0.181256
spectral_energy,lightgbm,7,1,1,378,130,0.146154,0.088785,0.502966,-0.130435
spectral_energy,lightgbm,7,1,2,411,97,0.463918,0.351537,0.637957,0.258562
spectral_energy,lightgbm,7,1,3,346,162,0.290123,0.252178,0.649694,0.062264
spectral_energy,lightgbm,7,1,4,389,119,0.789916,0.685567,0.928191,0.702351
spectral_energy,lightgbm,7,2,1,368,129,0.550388,0.413889,0.631333,0.321422
spectral_energy,lightgbm,7,2,2,387,110,0.590909,0.62172,0.878738,0.465154
spectral_energy,lightgbm,7,2,3,369,128,0.570312,0.443109,0.668348,0.403794
spectral_energy,lightgbm,7,2,4,367,130,0.723077,0.582955,1.0,0.600137
spectral_energy,lightgbm,7,3,1,348,145,0.993103,0.988952,0.997368,0.990083
spectral_energy,lightgbm,7,3,2,408,85,0.458824,0.367141,0.432645,0.290639
spectral_energy,lightgbm,7,3,3,341,152,0.842105,0.835282,0.941269,0.789765
spectral_energy,lightgbm,7,3,4,382,111,0.72973,0.582375,0.762076,0.596266
spectral_energy,lightgbm,8,1,1,378,130,0.238462,0.122047,0.588062,-0.118741
spectral_energy,lightgbm,8,1,2,411,97,0.773196,0.697115,0.91,0.647156
spectral_energy,lightgbm,8,1,3,346,162,0.376543,0.373948,0.72697,0.159242
spectral_energy,lightgbm,8,1,4,389,119,0.655462,0.556882,0.765698,0.513995
spectral_energy,lightgbm,8,2,1,368,129,0.573643,0.506902,0.754572,0.409881
spectral_energy,lightgbm,8,2,2,387,110,0.190909,0.175,0.742855,-0.017777
spectral_energy,lightgbm,8,2,3,369,128,0.398438,0.309741,0.766148,0.240327
spectral_energy,lightgbm,8,2,4,367,130,0.492308,0.407988,0.669395,0.341772
spectral_energy,lightgbm,8,3,1,348,145,0.641379,0.5875,0.917945,0.544686
spectral_energy,lightgbm,8,3,2,408,85,0.270588,0.353175,0.687405,0.114286
spectral_energy,lightgbm,8,3,3,341,152,0.546053,0.5242,0.948593,0.415515
spectral_energy,lightgbm,8,3,4,382,111,0.792793,0.805043,0.928209,0.683251
spectral_energy,lightgbm,9,1,1,378,130,0.515385,0.33493,0.697596,0.284341
spectral_energy,lightgbm,9,1,2,411,97,0.505155,0.433333,0.867666,0.369277
spectral_energy,lightgbm,9,1,3,346,162,0.376543,0.253942,0.600443,0.120228
spectral_energy,lightgbm,9,1,4,389,119,0.638655,0.532424,0.85049,0.483131
spectral_energy,lightgbm,9,2,1,368,129,0.426357,0.297515,0.585747,0.214062
spectral_energy,lightgbm,9,2,2,387,110,0.436364,0.293771,0.754953,0.239009
spectral_energy,lightgbm,9,2,3,369,128,0.570312,0.492727,0.745334,0.43716
spectral_energy,lightgbm,9,2,4,367,130,0.746154,0.598117,0.897434,0.627151
spectral_energy,lightgbm,9,3,1,348,145,0.503448,0.283803,0.791853,0.211063
spectral_energy,lightgbm,9,3,2,408,85,0.188235,0.140351,0.696999,-0.062308
spectral_energy,lightgbm,9,3,3,341,152,0.546053,0.483152,0.989383,0.420968
spectral_energy,lightgbm,9,3,4,382,111,0.234234,0.216923,0.527337,0.018619
spectral_energy,lightgbm,10,1,1,378,130,0.469231,0.413495,0.87225,0.325361
spectral_energy,lightgbm,10,1,2,411,97,0.329897,0.332766,0.498178,0.140071
spectral_energy,lightgbm,10,1,3,346,162,0.277778,0.304922,0.567387,0.077709
spectral_energy,lightgbm,10,1,4,389,119,0.243697,0.166667,0.411618,-0.023607
spectral_energy,lightgbm,10,2,1,368,129,0.589147,0.555862,0.792882,0.460677
spectral_energy,lightgbm,10,2,2,387,110,0.809091,0.68048,0.835071,0.653101
spectral_energy,lightgbm,10,2,3,369,128,0.429688,0.356056,0.676871,0.2456
spectral_energy,lightgbm,10,2,4,367,130,0.707692,0.634832,0.977332,0.607438
spectral_energy,lightgbm,10,3,1,348,145,0.372414,0.165644,0.389696,0.090878
spectral_energy,lightgbm,10,3,2,408,85,0.752941,0.610319,0.607677,0.58527
spectral_energy,lightgbm,10,3,3,341,152,0.697368,0.625385,0.778518,0.598714
spectral_energy,lightgbm,10,3,4,382,111,0.810811,0.702179,0.935484,0.704
spectral_energy,lightgbm,11,1,1,378,130,0.538462,0.31043,0.725766,0.27232
spectral_energy,lightgbm,11,1,2,411,97,0.164948,0.125,0.440959,-0.110844
spectral_energy,lightgbm,11,1,3,346,162,0.376543,0.31546,0.675282,0.154287
spectral_energy,lightgbm,11,1,4,389,119,0.546218,0.432045,0.771145,0.36621
spectral_energy,lightgbm,11,2,1,368,129,0.410853,0.414132,0.69331,0.19902
spectral_energy,lightgbm,11,2,2,387,110,0.436364,0.342857,0.417969,0.10616
spectral_energy,lightgbm,11,2,3,369,128,0.226562,0.19863,0.571134,0.025081
spectral_energy,lightgbm,11,2,4,367,130,0.115385,0.121382,0.506954,-0.124483
spectral_energy,lightgbm,11,3,1,348,145,0.537931,0.39191,0.723622,0.315556
spectral_energy,lightgbm,11,3,2,408,85,0.458824,0.367049,0.845075,0.248655
spectral_energy,lightgbm,11,3,3,341,152,0.592105,0.444953,0.816276,0.442565
spectral_energy,lightgbm,11,3,4,382,111,0.594595,0.452479,0.63664,0.37233
spectral_energy,lightgbm,12,1,1,378,130,0.423077,0.337972,0.676826,0.209374
spectral_energy,lightgbm,12,1,2,411,97,0.0,0.0,0.499352,-0.412339
spectral_energy,lightgbm,12,1,3,346,162,0.395062,0.301805,0.738644,0.163541
spectral_energy,lightgbm,12,1,4,389,119,0.344538,0.207071,0.632747,0.070219
spectral_energy,lightgbm,12,2,1,368,129,0.155039,0.136986,0.428188,-0.132126
spectral_energy,lightgbm,12,2,2,387,110,0.327273,0.18,0.508274,0.082403
spectral_energy,lightgbm,12,2,3,369,128,0.34375,0.257812,0.693321,0.180987
spectral_energy,lightgbm,12,2,4,367,130,0.292308,0.234648,0.706342,0.097903
spectral_energy,lightgbm,12,3,1,348,145,0.213793,0.180217,0.657943,-0.080604
spectral_energy,lightgbm,12,3,2,408,85,0.152941,0.106557,0.575027,-0.033609
spectral_energy,lightgbm,12,3,3,341,152,0.177632,0.135,0.394607,-0.132165
spectral_energy,lightgbm,12,3,4,382,111,0.126126,0.194444,0.543655,-0.049211
spectral_energy,lightgbm,13,1,1,378,130,0.515385,0.557892,0.829986,0.366197
spectral_energy,lightgbm,13,1,2,411,97,0.546392,0.349529,0.933333,0.289259
spectral_energy,lightgbm,13,1,3,346,162,0.790123,0.647281,1.0,0.713155
spectral_energy,lightgbm,13,1,4,389,119,0.588235,0.554455,0.898858,0.450528
spectral_energy,lightgbm,13,2,1,368,129,0.627907,0.537133,0.891753,0.514124
spectral_energy,lightgbm,13,2,2,387,110,0.654545,0.330547,0.802136,0.392
spectral_energy,lightgbm,13,2,3,369,128,0.445312,0.49907,0.782188,0.289
spectral_energy,lightgbm,13,2,4,367,130,0.669231,0.439103,0.989919,0.460581
spectral_energy,lightgbm,13,3,1,348,145,0.717241,0.584541,0.862325,0.604089
spectral_energy,lightgbm,13,3,2,408,85,0.682353,0.707067,0.769307,0.578976
spectral_energy,lightgbm,13,3,3,341,152,0.434211,0.421892,0.92288,0.27974
spectral_energy,lightgbm,13,3,4,382,111,0.585586,0.582735,0.779083,0.454254
spectral_energy,lightgbm,14,1,1,378,130,0.1,0.224138,0.533672,-0.156039
spectral_energy,lightgbm,14,1,2,411,97,0.701031,0.659881,0.883757,0.537564
spectral_energy,lightgbm,14,1,3,346,162,0.302469,0.217535,0.548153,0.043374
spectral_energy,lightgbm,14,1,4,389,119,0.436975,0.450094,0.683429,0.310055
spectral_energy,lightgbm,14,2,1,368,129,0.155039,0.164835,0.618236,-0.145312
spectral_energy,lightgbm,14,2,2,387,110,0.581818,0.211921,0.424635,0.2
spectral_energy,lightgbm,14,2,3,369,128,0.328125,0.166667,0.753805,0.076355
spectral_energy,lightgbm,14,2,4,367,130,0.538462,0.364583,0.812698,0.376997
spectral_energy,lightgbm,14,3,1,348,145,0.731034,0.423347,0.799848,0.575673
spectral_energy,lightgbm,14,3,2,408,85,0.870588,0.822581,0.858981,0.811302
spectral_energy,lightgbm,14,3,3,341,152,0.848684,0.871586,0.928531,0.797004
spectral_energy,lightgbm,14,3,4,382,111,0.387387,0.358333,0.606814,0.037245
spectral_energy,lightgbm,15,1,1,378,130,0.0,0.0,0.434259,-0.247048
spectral_energy,lightgbm,15,1,2,411,97,0.515464,0.600877,0.885327,0.341756
spectral_energy,lightgbm,15,1,3,346,162,0.753086,0.748581,0.946,0.677194
spectral_energy,lightgbm,15,1,4,389,119,0.705882,0.70294,0.817182,0.620224
spectral_energy,lightgbm,15,2,1,368,129,1.0,1.0,1.0,1.0
spectral_energy,lightgbm,15,2,2,387,110,0.854545,0.681034,0.942466,0.753708
spectral_energy,lightgbm,15,2,3,369,128,1.0,1.0,1.0,1.0
spectral_energy,lightgbm,15,2,4,367,130,0.869231,0.674868,0.995205,0.792877
spectral_energy,lightgbm,15,3,1,348,145,0.793103,0.645912,0.940894,0.690524
spectral_energy,lightgbm,15,3,2,408,85,0.305882,0.232943,0.677128,0.07267
spectral_energy,lightgbm,15,3,3,341,152,0.973684,0.96633,1.0,0.964298
spectral_energy,lightgbm,15,3,4,382,111,0.540541,0.498427,0.779751,0.342814
spectral_energy,shallow_mlp,1,1,1,378,130,0.384615,0.359155,0.644992,0.025579
spectral_energy,shallow_mlp,1,1,2,411,97,0.505155,0.563825,0.802397,0.337884
spectral_energy,shallow_mlp,1,1,3,346,162,0.697531,0.554794,0.820583,0.580776
spectral_energy,shallow_mlp,1,1,4,389,119,0.621849,0.404453,0.856147,0.436019
spectral_energy,shallow_mlp,1,2,1,368,129,0.387597,0.323221,0.935555,0.211284
spectral_energy,shallow_mlp,1,2,2,387,110,0.809091,0.603913,0.738047,0.686992
spectral_energy,shallow_mlp,1,2,3,369,128,0.710938,0.646743,0.895172,0.594867
spectral_energy,shallow_mlp,1,2,4,367,130,0.461538,0.492935,0.941737,0.380868
spectral_energy,shallow_mlp,1,3,1,348,145,0.813793,0.862338,0.994811,0.730557
spectral_energy,shallow_mlp,1,3,2,408,85,0.882353,0.852431,1.0,0.827025
spectral_energy,shallow_mlp,1,3,3,341,152,0.75,0.75278,0.81692,0.674151
spectral_energy,shallow_mlp,1,3,4,382,111,0.873874,0.71875,1.0,0.805361
spectral_energy,shallow_mlp,2,1,1,378,130,0.530769,0.41185,0.937331,0.220945
spectral_energy,shallow_mlp,2,1,2,411,97,0.721649,0.505153,0.86836,0.586125
spectral_energy,shallow_mlp,2,1,3,346,162,0.728395,0.625959,0.953786,0.616733
spectral_energy,shallow_mlp,2,1,4,389,119,1.0,1.0,1.0,1.0
spectral_energy,shallow_mlp,2,2,1,368,129,0.697674,0.627005,0.915132,0.589373
spectral_energy,shallow_mlp,2,2,2,387,110,0.809091,0.595753,0.925486,0.689056
spectral_energy,shallow_mlp,2,2,3,369,128,1.0,1.0,1.0,1.0
spectral_energy,shallow_mlp,2,2,4,367,130,0.953846,0.737903,0.816911,0.928519
spectral_energy,shallow_mlp,2,3,1,348,145,0.641379,0.572549,0.965105,0.455792
spectral_energy,shallow_mlp,2,3,2,408,85,0.270588,0.430556,0.777344,0.044251
spectral_energy,shallow_mlp,2,3,3,341,152,0.605263,0.44084,0.846649,0.443597
spectral_energy,shallow_mlp,2,3,4,382,111,1.0,1.0,1.0,1.0
spectral_energy,shallow_mlp,3,1,1,378,130,0.646154,0.633296,0.846169,0.540989
spectral_energy,shallow_mlp,3,1,2,411,97,0.072165,0.25,0.496793,-0.200825
spectral_energy,shallow_mlp,3,1,3,346,162,0.555556,0.488079,0.780789,0.399815
spectral_energy,shallow_mlp,3,1,4,389,119,0.789916,0.644068,0.797768,0.715855
spectral_energy,shallow_mlp,3,2,1,368,129,0.534884,0.461776,0.914036,0.362543
spectral_energy,shallow_mlp,3,2,2,387,110,0.609091,0.675944,0.97427,0.49085
spectral_energy,shallow_mlp,3,2,3,369,128,0.710938,0.572042,0.864901,0.601145
spectral_energy,shallow_mlp,3,2,4,367,130,0.907692,0.709459,0.844513,0.861086
spectral_energy,shallow_mlp,3,3,1,348,145,0.827586,0.802962,1.0,0.766641
spectral_energy,shallow_mlp,3,3,2,408,85,0.564706,0.521033,0.796538,0.39751
spectral_energy,shallow_mlp,3,3,3,341,152,0.723684,0.641564,0.847121,0.626688
spectral_energy,shallow_mlp,3,3,4,382,111,0.558559,0.682591,0.820678,0.362219
spectral_energy,shallow_mlp,4,1,1,378,130,0.484615,0.523749,0.791392,0.331953
spectral_energy,shallow_mlp,4,1,2,411,97,0.659794,0.731771,0.922829,0.49733
spectral_energy,shallow_mlp,4,1,3,346,162,0.574074,0.473048,0.82302,0.423488
spectral_energy,shallow_mlp,4,1,4,389,119,0.638655,0.565766,0.7927,0.50589
spectral_energy,shallow_mlp,4,2,1,368,129,0.844961,0.808239,0.832459,0.789491
spectral_energy,shallow_mlp,4,2,2,387,110,0.227273,0.207104,0.844398,0.067982
spectral_energy,shallow_mlp,4,2,3,369,128,0.382812,0.301723,0.767137,0.200253
spectral_energy,shallow_mlp,4,2,4,367,130,0.5,0.433168,0.828372,0.359945
spectral_energy,shallow_mlp,4,3,1,348,145,0.531034,0.483416,0.972934,0.420818
spectral_energy,shallow_mlp,4,3,2,408,85,0.305882,0.367647,0.717037,0.051985
spectral_energy,shallow_mlp,4,3,3,341,152,0.710526,0.633824,0.899857,0.617916
spectral_energy,shallow_mlp,4,3,4,382,111,0.945946,0.909759,0.981038,0.920449
spectral_energy,shallow_mlp,5,1,1,378,130,0.576923,0.441781,0.731185,0.363086
spectral_energy,shallow_mlp,5,1,2,411,97,0.536082,0.663218,0.758862,0.33216
spectral_energy,shallow_mlp,5,1,3,346,162,0.858025,0.858586,0.902666,0.80768
spectral_energy,shallow_mlp,5,1,4,389,119,0.638655,0.522696,0.912053,0.474209
spectral_energy,shallow_mlp,5,2,1,368,129,0.581395,0.454167,0.675985,0.408759
spectral_energy,shallow_mlp,5,2,2,387,110,0.4,0.258841,0.510295,0.197701
spectral_energy,shallow_mlp,5,2,3,369,128,0.617188,0.595433,0.861008,0.501748
spectral_energy,shallow_mlp,5,2,4,367,130,0.953846,0.73125,0.99664,0.929373
spectral_energy,shallow_mlp,5,3,1,348,145,0.296552,0.329646,0.759378,0.013474
spectral_energy,shallow_mlp,5,3,2,408,85,0.752941,0.547627,0.663772,0.629052
spectral_energy,shallow_mlp,5,3,3,341,152,0.736842,0.61429,0.843683,0.644465
spectral_energy,shallow_mlp,5,3,4,382,111,0.720721,0.618387,1.0,0.605435
spectral_energy,shallow_mlp,6,1,1,378,130,0.146154,0.092233,0.560561,0.018768
spectral_energy,shallow_mlp,6,1,2,411,97,0.42268,0.230337,0.485905,0.200941
spectral_energy,shallow_mlp,6,1,3,346,162,0.395062,0.303717,0.742702,0.163496
spectral_energy,shallow_mlp,6,1,4,389,119,0.554622,0.532317,0.896341,0.444904
spectral_energy,shallow_mlp,6,2,1,368,129,0.744186,0.788025,1.0,0.662598
spectral_energy,shallow_mlp,6,2,2,387,110,0.936364,0.88,0.985019,0.894665
spectral_energy,shallow_mlp,6,2,3,369,128,0.882812,0.885071,1.0,0.841715
spectral_energy,shallow_mlp,6,2,4,367,130,0.715385,0.561224,1.0,0.611376
spectral_energy,shallow_mlp,6,3,1,348,145,0.648276,0.505843,0.932796,0.503591
spectral_energy,shallow_mlp,6,3,2,408,85,0.752941,0.610319,1.0,0.58527
spectral_energy,shallow_mlp,6,3,3,341,152,0.875,0.868281,0.905224,0.832551
spectral_energy,shallow_mlp,6,3,4,382,111,0.63964,0.525388,0.95293,0.49637
spectral_energy,shallow_mlp,7,1,1,378,130,0.676923,0.598824,0.954545,0.536699
spectral_energy,shallow_mlp,7,1,2,411,97,0.731959,0.792777,0.926503,0.636913
spectral_energy,shallow_mlp,7,1,3,346,162,0.716049,0.642552,0.930884,0.608387
spectral_energy,shallow_mlp,7,1,4,389,119,0.781513,0.750362,1.0,0.71256
spectral_energy,shallow_mlp,7,2,1,368,129,0.589147,0.67204,0.859165,0.443105
spectral_energy,shallow_mlp,7,2,2,387,110,0.609091,0.64,0.925094,0.48079
spectral_energy,shallow_mlp,7,2,3,369,128,0.65625,0.625,0.948592,0.558897
spectral_energy,shallow_mlp,7,2,4,367,130,0.953846,0.737903,0.728873,0.928519
spectral_energy,shallow_mlp,7,3,1,348,145,0.813793,0.78961,1.0,0.749199
spectral_energy,shallow_mlp,7,3,2,408,85,0.576471,0.640927,0.830433,0.439047
spectral_energy,shallow_mlp,7,3,3,341,152,0.684211,0.567832,1.0,0.575542
spectral_energy,shallow_mlp,7,3,4,382,111,0.666667,0.474595,0.96754,0.520098
spectral_energy,shallow_mlp,8,1,1,378,130,0.646154,0.708496,0.760519,0.51394
spectral_energy,shallow_mlp,8,1,2,411,97,1.0,1.0,1.0,1.0
spectral_energy,shallow_mlp,8,1,3,346,162,0.734568,0.63487,0.716785,0.628202
spectral_energy,shallow_mlp,8,1,4,389,119,0.579832,0.609647,0.90104,0.453326
spectral_energy,shallow_mlp,8,2,1,368,129,0.744186,0.788025,0.85845,0.662598
spectral_energy,shallow_mlp,8,2,2,387,110,0.554545,0.496586,0.740922,0.314511
spectral_energy,shallow_mlp,8,2,3,369,128,0.867188,0.811405,0.990814,0.81042
spectral_energy,shallow_mlp,8,2,4,367,130,0.869231,0.653208,0.999224,0.799292
spectral_energy,shallow_mlp,8,3,1,348,145,0.717241,0.587363,0.834603,0.575296
spectral_energy,shallow_mlp,8,3,2,408,85,0.752941,0.634116,1.0,0.624606
spectral_energy,shallow_mlp,8,3,3,341,152,0.875,0.868281,0.976353,0.832551
spectral_energy,shallow_mlp,8,3,4,382,111,0.792793,0.805043,0.96754,0.683251
spectral_energy,shallow_mlp,9,1,1,378,130,0.738462,0.551684,0.843746,0.612077
spectral_energy,shallow_mlp,9,1,2,411,97,0.762887,0.61409,0.860978,0.654216
spectral_energy,shallow_mlp,9,1,3,346,162,0.716049,0.655738,0.659528,0.606006
spectral_energy,shallow_mlp,9,1,4,389,119,0.697479,0.660688,0.7927,0.596002
spectral_energy,shallow_mlp,9,2,1,368,129,0.426357,0.29444,0.797021,0.260688
spectral_energy,shallow_mlp,9,2,2,387,110,0.554545,0.533913,0.831217,0.372088
spectral_energy,shallow_mlp,9,2,3,369,128,0.609375,0.538472,0.953704,0.484702
spectral_energy,shallow_mlp,9,2,4,367,130,0.707692,0.692173,0.976255,0.620058
spectral_energy,shallow_mlp,9,3,1,348,145,0.468966,0.329361,0.779311,0.280837
spectral_energy,shallow_mlp,9,3,2,408,85,0.458824,0.408199,0.631246,0.318221
spectral_energy,shallow_mlp,9,3,3,341,152,0.723684,0.62037,0.874918,0.636156
spectral_energy,shallow_mlp,9,3,4,382,111,0.333333,0.211566,0.479175,0.123092
spectral_energy,shallow_mlp,10,1,1,378,130,0.546154,0.47246,0.614141,0.383688
spectral_energy,shallow_mlp,10,1,2,411,97,0.536082,0.498192,0.829703,0.38417
spectral_energy,shallow_mlp,10,1,3,346,162,0.537037,0.349981,0.799858,0.336863
spectral_energy,shallow_mlp,10,1,4,389,119,0.403361,0.258541,0.772671,0.166601
spectral_energy,shallow_mlp,10,2,1,368,129,0.643411,0.507589,0.777136,0.509587
spectral_energy,shallow_mlp,10,2,2,387,110,0.4,0.364754,0.553209,0.070184
spectral_energy,shallow_mlp,10,2,3,369,128,0.804688,0.635447,0.699074,0.728307
spectral_energy,shallow_mlp,10,2,4,367,130,0.753846,0.545251,1.0,0.604788
spectral_energy,shallow_mlp,10,3,1,348,145,0.544828,0.387363,0.739294,0.405922
spectral_energy,shallow_mlp,10,3,2,408,85,0.458824,0.530693,0.74611,0.278598
spectral_energy,shallow_mlp,10,3,3,341,152,0.565789,0.458214,0.862545,0.405194
spectral_energy,shallow_mlp,10,3,4,382,111,0.333333,0.215582,0.751842,0.040645
spectral_energy,shallow_mlp,11,1,1,378,130,0.484615,0.480211,0.789197,0.293478
spectral_energy,shallow_mlp,11,1,2,411,97,0.226804,0.166667,0.393863,0.071118
spectral_energy,shallow_mlp,11,1,3,346,162,0.574074,0.528724,0.707892,0.437981
spectral_energy,shallow_mlp,11,1,4,389,119,0.638655,0.48024,1.0,0.495763
spectral_energy,shallow_mlp,11,2,1,368,129,0.496124,0.582474,0.702786,0.305475
spectral_energy,shallow_mlp,11,2,2,387,110,0.227273,0.204493,0.84058,0.058124
spectral_energy,shallow_mlp,11,2,3,369,128,0.398438,0.329583,0.628947,0.190406
spectral_energy,shallow_mlp,11,2,4,367,130,0.084615,0.06875,0.461863,-0.165173
spectral_energy,shallow_mlp,11,3,1,348,145,0.668966,0.595634,0.986786,0.499461
spectral_energy,shallow_mlp,11,3,2,408,85,0.458824,0.367049,0.75518,0.248655
spectral_energy,shallow_mlp,11,3,3,341,152,0.631579,0.547584,0.678623,0.484402
spectral_energy,shallow_mlp,11,3,4,382,111,0.540541,0.436957,0.622754,0.306929
spectral_energy,shallow_mlp,12,1,1,378,130,0.384615,0.280936,0.64025,0.161087
spectral_energy,shallow_mlp,12,1,2,411,97,0.278351,0.233483,0.783499,0.041231
spectral_energy,shallow_mlp,12,1,3,346,162,0.160494,0.141304,0.654761,-0.119
spectral_energy,shallow_mlp,12,1,4,389,119,0.773109,0.622015,0.936275,0.686353
spectral_energy,shallow_mlp,12,2,1,368,129,0.077519,0.096154,0.274062,-0.198641
spectral_energy,shallow_mlp,12,2,2,387,110,0.481818,0.381252,0.713804,0.32304
spectral_energy,shallow_mlp,12,2,3,369,128,0.171875,0.085938,0.486141,-0.036992
spectral_energy,shallow_mlp,12,2,4,367,130,0.507692,0.380278,0.770069,0.265602
spectral_energy,shallow_mlp,12,3,1,348,145,0.337931,0.354791,0.506726,0.081127
spectral_energy,shallow_mlp,12,3,2,408,85,0.152941,0.12037,0.586962,-0.029956
spectral_energy,shallow_mlp,12,3,3,341,152,0.532895,0.399038,0.715958,0.369737
spectral_energy,shallow_mlp,12,3,4,382,111,0.513514,0.508699,0.5838,0.388742
spectral_energy,shallow_mlp,13,1,1,378,130,0.323077,0.419817,0.8463,0.156529
spectral_energy,shallow_mlp,13,1,2,411,97,0.701031,0.722804,0.766667,0.582455
spectral_energy,shallow_mlp,13,1,3,346,162,0.679012,0.611289,0.999082,0.562935
spectral_energy,shallow_mlp,13,1,4,389,119,0.428571,0.408696,0.829103,0.234002
spectral_energy,shallow_mlp,13,2,1,368,129,0.643411,0.505819,0.758186,0.490993
spectral_energy,shallow_mlp,13,2,2,387,110,0.481818,0.285714,0.673733,0.238061
spectral_energy,shallow_mlp,13,2,3,369,128,0.484375,0.50563,0.675757,0.317168
spectral_energy,shallow_mlp,13,2,4,367,130,0.707692,0.801307,0.860697,0.573476
spectral_energy,shallow_mlp,13,3,1,348,145,0.731034,0.558864,0.996691,0.61528
spectral_energy,shallow_mlp,13,3,2,408,85,0.447059,0.393678,0.802201,0.167708
spectral_energy,shallow_mlp,13,3,3,341,152,0.875,0.868281,0.947649,0.832551
spectral_energy,shallow_mlp,13,3,4,382,111,0.792793,0.660027,0.817461,0.673613
spectral_energy,shallow_mlp,14,1,1,378,130,0.338462,0.427847,0.690632,0.202852
spectral_energy,shallow_mlp,14,1,2,411,97,0.536082,0.550776,0.870191,0.307912
spectral_energy,shallow_mlp,14,1,3,346,162,0.462963,0.317298,0.604186,0.237626
spectral_energy,shallow_mlp,14,1,4,389,119,0.655462,0.572608,0.882077,0.543079
spectral_energy,shallow_mlp,14,2,1,368,129,0.542636,0.550855,0.818883,0.398768
spectral_energy,shallow_mlp,14,2,2,387,110,0.727273,0.420474,0.771184,0.503386
spectral_energy,shallow_mlp,14,2,3,369,128,0.539062,0.447548,0.699008,0.381186
spectral_energy,shallow_mlp,14,2,4,367,130,0.746154,0.598721,0.81856,0.63138
spectral_energy,shallow_mlp,14,3,1,348,145,0.903448,0.721311,1.0,0.855248
spectral_energy,shallow_mlp,14,3,2,408,85,0.752941,0.591846,0.956473,0.645482
spectral_energy,shallow_mlp,14,3,3,341,152,1.0,1.0,1.0,1.0
spectral_energy,shallow_mlp,14,3,4,382,111,0.927928,0.907407,1.0,0.896864
spectral_energy,shallow_mlp,15,1,1,378,130,0.338462,0.308824,0.794413,0.079153
spectral_energy,shallow_mlp,15,1,2,411,97,1.0,1.0,1.0,1.0
spectral_energy,shallow_mlp,15,1,3,346,162,0.734568,0.610644,0.856433,0.642164
spectral_energy,shallow_mlp,15,1,4,389,119,0.680672,0.707997,0.909057,0.573396
spectral_energy,shallow_mlp,15,2,1,368,129,1.0,1.0,1.0,1.0
spectral_energy,shallow_mlp,15,2,2,387,110,0.936364,0.905128,1.0,0.893954
spectral_energy,shallow_mlp,15,2,3,369,128,0.828125,0.698113,1.0,0.752113
spectral_energy,shallow_mlp,15,2,4,367,130,0.953846,0.725806,1.0,0.929717
spectral_energy,shallow_mlp,15,3,1,348,145,1.0,1.0,1.0,1.0
spectral_energy,shallow_mlp,15,3,2,408,85,0.552941,0.541866,0.6827,0.42042
spectral_energy,shallow_mlp,15,3,3,341,152,0.875,0.868281,1.0,0.832551
spectral_energy,shallow_mlp,15,3,4,382,111,0.459459,0.435285,0.870682,0.191355
hybrid,lightgbm,1,1,1,347,118,0.661017,0.518642,0.797455,0.524673
hybrid,lightgbm,1,1,2,379,86,0.325581,0.189691,0.721739,-0.040902
hybrid,lightgbm,1,1,3,312,153,0.679739,0.555104,0.79,0.557542
hybrid,lightgbm,1,1,4,357,108,0.814815,0.808054,0.880332,0.752066
hybrid,lightgbm,1,2,1,338,119,0.638655,0.50625,0.762755,0.512945
hybrid,lightgbm,1,2,2,358,99,0.474747,0.454193,0.813568,0.325472
hybrid,lightgbm,1,2,3,338,119,0.327731,0.211957,0.559231,0.10828
hybrid,lightgbm,1,2,4,337,120,0.425,0.368827,0.871673,0.275274
hybrid,lightgbm,1,3,1,318,134,0.343284,0.461972,0.677357,0.163391
hybrid,lightgbm,1,3,2,378,74,0.445946,0.394875,0.690019,0.302849
hybrid,lightgbm,1,3,3,310,142,0.823944,0.830306,0.83731,0.76894
hybrid,lightgbm,1,3,4,350,102,0.754902,0.768751,0.928392,0.678112
hybrid,lightgbm,2,1,1,347,118,0.09322,0.25,0.437583,-0.157711
hybrid,lightgbm,2,1,2,379,86,0.27907,0.141176,0.74117,0.069784
hybrid,lightgbm,2,1,3,312,153,0.72549,0.626768,0.866089,0.630647
hybrid,lightgbm,2,1,4,357,108,0.574074,0.401985,0.841458,0.404174
hybrid,lightgbm,2,2,1,338,119,0.512605,0.487211,0.807083,0.386434
hybrid,lightgbm,2,2,2,358,99,0.818182,0.687685,0.930556,0.650999
hybrid,lightgbm,2,2,3,338,119,0.831933,0.827586,0.989103,0.775429
hybrid,lightgbm,2,2,4,337,120,0.808333,0.640496,0.794949,0.719084
hybrid,lightgbm,2,3,1,318,134,0.761194,0.830769,0.944243,0.652061
hybrid,lightgbm,2,3,2,378,74,0.256757,0.27029,0.718661,0.126047
hybrid,lightgbm,2,3,3,310,142,0.577465,0.483732,0.807704,0.43606
hybrid,lightgbm,2,3,4,350,102,1.0,1.0,1.0,1.0
hybrid,lightgbm,3,1,1,347,118,0.09322,0.085938,0.466121,-0.084615
hybrid,lightgbm,3,1,2,379,86,0.22093,0.375,0.649767,-0.077412
hybrid,lightgbm,3,1,3,312,153,0.562092,0.492211,0.676781,0.407594
hybrid,lightgbm,3,1,4,357,108,0.212963,0.180894,0.571125,-0.082803
hybrid,lightgbm,3,2,1,338,119,0.739496,0.609375,0.93617,0.64181
hybrid,lightgbm,3,2,2,358,99,0.777778,0.550489,0.977634,0.63358
hybrid,lightgbm,3,2,3,338,119,0.327731,0.251681,0.562486,0.121852
hybrid,lightgbm,3,2,4,337,120,0.633333,0.607143,0.905401,0.524067
hybrid,lightgbm,3,3,1,318,134,0.61194,0.587248,0.723964,0.473954
hybrid,lightgbm,3,3,2,378,74,0.324324,0.412395,0.524473,0.187349
hybrid,lightgbm,3,3,3,310,142,0.690141,0.712396,0.79093,0.586991
hybrid,lightgbm,3,3,4,350,102,0.637255,0.493421,0.81562,0.443199
hybrid,lightgbm,4,1,1,347,118,0.398305,0.335847,0.759053,0.177821
hybrid,lightgbm,4,1,2,379,86,0.5,0.386905,0.861197,0.229744
hybrid,lightgbm,4,1,3,312,153,0.470588,0.455979,0.804266,0.316625
hybrid,lightgbm,4,1,4,357,108,1.0,1.0,1.0,1.0
hybrid,lightgbm,4,2,1,338,119,0.378151,0.225,0.734929,0.138862
hybrid,lightgbm,4,2,2,358,99,0.818182,0.591751,1.0,0.692494
hybrid,lightgbm,4,2,3,338,119,0.168067,0.102041,0.279049,-0.101852
hybrid,lightgbm,4,2,4,337,120,0.883333,0.659239,0.798835,0.820205
hybrid,lightgbm,4,3,1,318,134,0.723881,0.770014,0.896923,0.628475
hybrid,lightgbm,4,3,2,378,74,0.459459,0.434565,0.837328,0.221667
hybrid,lightgbm,4,3,3,310,142,0.521127,0.412651,0.716382,0.369383
hybrid,lightgbm,4,3,4,350,102,1.0,1.0,1.0,1.0
hybrid,lightgbm,5,1,1,347,118,0.576271,0.585088,0.667445,0.424278
hybrid,lightgbm,5,1,2,379,86,0.453488,0.333158,0.754297,0.242078
hybrid,lightgbm,5,1,3,312,153,0.398693,0.281831,0.515177,0.157832
hybrid,lightgbm,5,1,4,357,108,0.268519,0.112403,0.527868,-0.072398
hybrid,lightgbm,5,2,1,338,119,0.285714,0.225027,0.466222,0.102962
hybrid,lightgbm,5,2,2,358,99,0.676768,0.356061,0.942084,0.454264
hybrid,lightgbm,5,2,3,338,119,0.537815,0.484488,0.776679,0.395269
hybrid,lightgbm,5,2,4,337,120,0.95,0.725634,0.95326,0.923192
hybrid,lightgbm,5,3,1,318,134,0.567164,0.324488,0.818546,0.314336
hybrid,lightgbm,5,3,2,378,74,0.608108,0.338889,0.753247,0.388778
hybrid,lightgbm,5,3,3,310,142,0.485915,0.430328,0.530521,0.31068
hybrid,lightgbm,5,3,4,350,102,0.72549,0.578372,0.772027,0.599158
hybrid,lightgbm,6,1,1,347,118,0.144068,0.188889,0.550353,-0.042421
hybrid,lightgbm,6,1,2,379,86,0.011628,0.016667,0.445351,-0.299094
hybrid,lightgbm,6,1,3,312,153,0.202614,0.125,0.406642,-0.006796
hybrid,lightgbm,6,1,4,357,108,0.555556,0.532595,0.726908,0.447099
hybrid,lightgbm,6,2,1,338,119,0.411765,0.316768,0.803552,0.254319
hybrid,lightgbm,6,2,2,358,99,0.272727,0.283362,0.910217,0.123571
hybrid,lightgbm,6,2,3,338,119,0.420168,0.373536,0.457982,0.244131
hybrid,lightgbm,6,2,4,337,120,0.6,0.396554,0.794871,0.426809
hybrid,lightgbm,6,3,1,318,134,0.641791,0.583333,0.987145,0.544024
hybrid,lightgbm,6,3,2,378,74,0.581081,0.64978,0.879278,0.442256
hybrid,lightgbm,6,3,3,310,142,0.880282,0.873661,0.853415,0.839431
hybrid,lightgbm,6,3,4,350,102,0.666667,0.467147,0.914265,0.517126
hybrid,lightgbm,7,1,1,347,118,0.237288,0.195328,0.590026,0.034896
hybrid,lightgbm,7,1,2,379,86,0.616279,0.705743,0.845423,0.486056
hybrid,lightgbm,7,1,3,312,153,0.424837,0.353742,0.776862,0.249164
hybrid,lightgbm,7,1,4,357,108,0.787037,0.685393,0.782157,0.697884
hybrid,lightgbm,7,2,1,338,119,0.210084,0.208333,0.598423,-0.033158
hybrid,lightgbm,7,2,2,358,99,0.606061,0.676878,0.843576,0.484444
hybrid,lightgbm,7,2,3,338,119,0.445378,0.307751,0.7181,0.248205
hybrid,lightgbm,7,2,4,337,120,0.966667,0.736486,1.0,0.948575
hybrid,lightgbm,7,3,1,318,134,1.0,1.0,1.0,1.0
hybrid,lightgbm,7,3,2,378,74,0.445946,0.377124,0.543909,0.280361
hybrid,lightgbm,7,3,3,310,142,0.838028,0.831616,0.89254,0.784479
hybrid,lightgbm,7,3,4,350,102,0.156863,0.091214,0.591667,-0.357895
hybrid,lightgbm,8,1,1,347,118,0.161017,0.087963,0.552898,-0.194112
hybrid,lightgbm,8,1,2,379,86,0.72093,0.666048,0.909091,0.554596
hybrid,lightgbm,8,1,3,312,153,0.405229,0.33419,0.778742,0.211921
hybrid,lightgbm,8,1,4,357,108,0.490741,0.561585,0.797642,0.310585
hybrid,lightgbm,8,2,1,338,119,0.571429,0.501529,0.79985,0.408825
hybrid,lightgbm,8,2,2,358,99,0.343434,0.412224,0.792224,0.235748
hybrid,lightgbm,8,2,3,338,119,0.512605,0.329553,0.879864,0.343979
hybrid,lightgbm,8,2,4,337,120,0.491667,0.400126,0.613492,0.340837
hybrid,lightgbm,8,3,1,318,134,0.5,0.354396,0.967963,0.368414
hybrid,lightgbm,8,3,2,378,74,0.391892,0.510661,0.884567,0.278596
hybrid,lightgbm,8,3,3,310,142,0.704225,0.734748,0.931145,0.614828
hybrid,lightgbm,8,3,4,350,102,0.715686,0.645303,0.970086,0.566466
hybrid,lightgbm,9,1,1,347,118,0.525424,0.337543,0.585956,0.292126
hybrid,lightgbm,9,1,2,379,86,0.453488,0.384865,0.89385,0.30669
hybrid,lightgbm,9,1,3,312,153,0.379085,0.262202,0.706686,0.121646
hybrid,lightgbm,9,1,4,357,108,0.62963,0.509842,0.91129,0.461481
hybrid,lightgbm,9,2,1,338,119,0.428571,0.298393,0.603954,0.215207
hybrid,lightgbm,9,2,2,358,99,0.343434,0.168317,0.636056,0.054927
hybrid,lightgbm,9,2,3,338,119,0.571429,0.495847,0.753232,0.43925
hybrid,lightgbm,9,2,4,337,120,0.533333,0.607255,0.862188,0.319769
hybrid,lightgbm,9,3,1,318,134,0.380597,0.137838,0.81261,0.0
hybrid,lightgbm,9,3,2,378,74,0.189189,0.137255,0.684298,-0.058403
hybrid,lightgbm,9,3,3,310,142,0.549296,0.486417,1.0,0.424737
hybrid,lightgbm,9,3,4,350,102,0.117647,0.125,0.578038,-0.077844
hybrid,lightgbm,10,1,1,347,118,0.398305,0.366568,0.922494,0.221954
hybrid,lightgbm,10,1,2,379,86,0.360465,0.351365,0.51093,0.184342
hybrid,lightgbm,10,1,3,312,153,0.281046,0.251099,0.614151,0.085376
hybrid,lightgbm,10,1,4,357,108,0.231481,0.162338,0.294579,-0.035822
hybrid,lightgbm,10,2,1,338,119,0.529412,0.495837,0.827721,0.375211
hybrid,lightgbm,10,2,2,358,99,0.747475,0.400564,0.738067,0.510579
hybrid,lightgbm,10,2,3,338,119,0.428571,0.35263,0.742652,0.241896
hybrid,lightgbm,10,2,4,337,120,0.791667,0.779942,0.915458,0.690179
hybrid,lightgbm,10,3,1,318,134,0.380597,0.163462,0.504841,0.087388
hybrid,lightgbm,10,3,2,378,74,0.445946,0.52249,0.684248,0.265909
hybrid,lightgbm,10,3,3,310,142,0.570423,0.424121,0.757083,0.411789
hybrid,lightgbm,10,3,4,350,102,0.352941,0.266324,0.733003,0.126735
hybrid,lightgbm,11,1,1,347,118,0.389831,0.273798,0.67212,0.068217
hybrid,lightgbm,11,1,2,379,86,0.395349,0.246951,0.449365,0.176124
hybrid,lightgbm,11,1,3,312,153,0.581699,0.546429,0.813986,0.45032
hybrid,lightgbm,11,1,4,357,108,0.527778,0.456217,0.796211,0.34909
hybrid,lightgbm,11,2,1,338,119,0.403361,0.391075,0.656767,0.163714
hybrid,lightgbm,11,2,2,358,99,0.262626,0.13,0.40408,-0.084158
hybrid,lightgbm,11,2,3,338,119,0.361345,0.282686,0.576654,0.19322
hybrid,lightgbm,11,2,4,337,120,0.0,0.0,0.343311,-0.207041
hybrid,lightgbm,11,3,1,318,134,0.529851,0.38972,0.686334,0.280307
hybrid,lightgbm,11,3,2,378,74,0.554054,0.640822,0.938157,0.390414
hybrid,lightgbm,11,3,3,310,142,0.471831,0.379796,0.835606,0.275412
hybrid,lightgbm,11,3,4,350,102,0.460784,0.330455,0.632341,0.204594
hybrid,lightgbm,12,1,1,347,118,0.279661,0.269824,0.707532,0.091732
hybrid,lightgbm,12,1,2,379,86,0.0,0.0,0.439168,-0.40903
hybrid,lightgbm,12,1,3,312,153,0.379085,0.324435,0.598856,0.152775
hybrid,lightgbm,12,1,4,357,108,0.342593,0.207865,0.564448,0.098942
hybrid,lightgbm,12,2,1,338,119,0.084034,0.04902,0.297262,-0.22495
hybrid,lightgbm,12,2,2,358,99,0.343434,0.180851,0.504755,0.090459
hybrid,lightgbm,12,2,3,338,119,0.336134,0.253525,0.715193,0.175423
hybrid,lightgbm,12,2,4,337,120,0.283333,0.246246,0.75942,-0.035729
hybrid,lightgbm,12,3,1,318,134,0.283582,0.374228,0.603594,-0.040272
hybrid,lightgbm,12,3,2,378,74,0.256757,0.276068,0.539441,0.089485
hybrid,lightgbm,12,3,3,310,142,0.098592,0.084337,0.47705,-0.221834
hybrid,lightgbm,12,3,4,350,102,0.264706,0.270079,0.489483,0.143433
hybrid,lightgbm,13,1,1,347,118,0.483051,0.520679,0.83848,0.328169
hybrid,lightgbm,13,1,2,379,86,0.604651,0.396113,0.92803,0.387259
hybrid,lightgbm,13,1,3,312,153,0.653595,0.479051,0.907192,0.502698
hybrid,lightgbm,13,1,4,357,108,0.314815,0.27369,0.863144,0.101215
hybrid,lightgbm,13,2,1,338,119,0.697479,0.593141,0.890635,0.598538
hybrid,lightgbm,13,2,2,358,99,0.676768,0.331625,0.738673,0.395304
hybrid,lightgbm,13,2,3,338,119,0.495798,0.514605,0.868123,0.376963
hybrid,lightgbm,13,2,4,337,120,0.591667,0.574079,0.89195,0.46409
hybrid,lightgbm,13,3,1,318,134,0.835821,0.777571,0.942494,0.772916
hybrid,lightgbm,13,3,2,378,74,0.756757,0.587885,0.91987,0.59976
hybrid,lightgbm,13,3,3,310,142,0.584507,0.584103,0.940038,0.463636
hybrid,lightgbm,13,3,4,350,102,0.431373,0.5,0.753472,0.281516
hybrid,lightgbm,14,1,1,347,118,0.169492,0.345745,0.608828,-0.065806
hybrid,lightgbm,14,1,2,379,86,0.77907,0.736538,0.84417,0.674826
hybrid,lightgbm,14,1,3,312,153,0.379085,0.317211,0.72028,0.157684
hybrid,lightgbm,14,1,4,357,108,0.425926,0.448912,0.708719,0.281545
hybrid,lightgbm,14,2,1,338,119,0.184874,0.22619,0.581002,-0.110117
hybrid,lightgbm,14,2,2,358,99,0.484848,0.399123,0.562983,0.178757
hybrid,lightgbm,14,2,3,338,119,0.327731,0.201031,0.746676,0.111277
hybrid,lightgbm,14,2,4,337,120,0.966667,0.732143,0.825569,0.948773
hybrid,lightgbm,14,3,1,318,134,0.738806,0.426222,0.801257,0.585029
hybrid,lightgbm,14,3,2,378,74,0.756757,0.587179,0.81498,0.645178
hybrid,lightgbm,14,3,3,310,142,0.84507,0.868611,1.0,0.792287
hybrid,lightgbm,14,3,4,350,102,0.392157,0.361607,0.607074,0.03214
hybrid,lightgbm,15,1,1,347,118,0.533898,0.450513,0.814042,0.29218
hybrid,lightgbm,15,1,2,379,86,0.453488,0.543505,0.784091,0.254381
hybrid,lightgbm,15,1,3,312,153,0.764706,0.774732,0.985185,0.688708
hybrid,lightgbm,15,1,4,357,108,0.703704,0.699176,0.874424,0.61753
hybrid,lightgbm,15,2,1,338,119,1.0,1.0,1.0,1.0
hybrid,lightgbm,15,2,2,358,99,0.818182,0.609375,0.918555,0.69434
hybrid,lightgbm,15,2,3,338,119,0.672269,0.626582,0.975233,0.575738
hybrid,lightgbm,15,2,4,337,120,0.9,0.693152,0.997311,0.841654
hybrid,lightgbm,15,3,1,318,134,0.80597,0.653182,0.901079,0.708501
hybrid,lightgbm,15,3,2,378,74,0.445946,0.377124,0.692699,0.306673
hybrid,lightgbm,15,3,3,310,142,0.93662,0.916418,1.0,0.913916
hybrid,lightgbm,15,3,4,350,102,0.686275,0.545357,0.807232,0.500459
hybrid,shallow_mlp,1,1,1,347,118,0.186441,0.245056,0.702707,-0.072423
hybrid,shallow_mlp,1,1,2,379,86,0.569767,0.602279,0.869402,0.431684
hybrid,shallow_mlp,1,1,3,312,153,0.535948,0.40812,0.744351,0.353854
hybrid,shallow_mlp,1,1,4,357,108,0.648148,0.415179,0.783779,0.473846
hybrid,shallow_mlp,1,2,1,338,119,0.369748,0.30912,0.943582,0.193184
hybrid,shallow_mlp,1,2,2,358,99,0.818182,0.604942,0.796813,0.689493
hybrid,shallow_mlp,1,2,3,338,119,0.554622,0.529098,0.791574,0.3725
hybrid,shallow_mlp,1,2,4,337,120,0.666667,0.65625,0.932859,0.575146
hybrid,shallow_mlp,1,3,1,318,134,0.962687,0.974581,1.0,0.945806
hybrid,shallow_mlp,1,3,2,378,74,0.554054,0.567169,0.957999,0.431564
hybrid,shallow_mlp,1,3,3,310,142,0.669014,0.671891,0.828142,0.570638
hybrid,shallow_mlp,1,3,4,350,102,1.0,1.0,1.0,1.0
hybrid,shallow_mlp,2,1,1,347,118,0.533898,0.319861,0.916724,0.280328
hybrid,shallow_mlp,2,1,2,379,86,0.72093,0.489876,0.99214,0.582355
hybrid,shallow_mlp,2,1,3,312,153,0.797386,0.677089,1.0,0.717426
hybrid,shallow_mlp,2,1,4,357,108,1.0,1.0,1.0,1.0
hybrid,shallow_mlp,2,2,1,338,119,1.0,1.0,1.0,1.0
hybrid,shallow_mlp,2,2,2,358,99,0.818182,0.591751,1.0,0.692494
hybrid,shallow_mlp,2,2,3,338,119,1.0,1.0,1.0,1.0
hybrid,shallow_mlp,2,2,4,337,120,0.716667,0.64881,0.80674,0.621662
hybrid,shallow_mlp,2,3,1,318,134,0.641791,0.573128,0.965177,0.451569
hybrid,shallow_mlp,2,3,2,378,74,0.351351,0.545582,0.767254,0.137445
hybrid,shallow_mlp,2,3,3,310,142,0.605634,0.441057,0.806117,0.443449
hybrid,shallow_mlp,2,3,4,350,102,1.0,1.0,1.0,1.0
hybrid,shallow_mlp,3,1,1,347,118,0.584746,0.567372,0.784843,0.455042
hybrid,shallow_mlp,3,1,2,379,86,0.22093,0.375,0.532912,-0.077412
hybrid,shallow_mlp,3,1,3,312,153,0.640523,0.619372,0.798867,0.519692
hybrid,shallow_mlp,3,1,4,357,108,0.787037,0.641509,1.0,0.712367
hybrid,shallow_mlp,3,2,1,338,119,0.630252,0.488473,0.915919,0.481122
hybrid,shallow_mlp,3,2,2,358,99,0.606061,0.676878,0.813448,0.484444
hybrid,shallow_mlp,3,2,3,338,119,0.722689,0.580977,0.862639,0.616654
hybrid,shallow_mlp,3,2,4,337,120,0.883333,0.695312,0.975087,0.825798
hybrid,shallow_mlp,3,3,1,318,134,1.0,1.0,1.0,1.0
hybrid,shallow_mlp,3,3,2,378,74,0.567568,0.519549,0.853912,0.391885
hybrid,shallow_mlp,3,3,3,310,142,0.725352,0.676692,0.870087,0.619434
hybrid,shallow_mlp,3,3,4,350,102,0.539216,0.631384,0.75145,0.337937
hybrid,shallow_mlp,4,1,1,347,118,0.483051,0.520679,0.802312,0.328169
hybrid,shallow_mlp,4,1,2,379,86,0.616279,0.585943,0.91863,0.45705
hybrid,shallow_mlp,4,1,3,312,153,0.738562,0.617077,0.913871,0.647668
hybrid,shallow_mlp,4,1,4,357,108,0.768519,0.733925,0.895422,0.696697
hybrid,shallow_mlp,4,2,1,338,119,0.840336,0.797697,0.788227,0.78345
hybrid,shallow_mlp,4,2,2,358,99,0.212121,0.170515,0.886343,0.116173
hybrid,shallow_mlp,4,2,3,338,119,0.504202,0.373377,0.786593,0.337517
hybrid,shallow_mlp,4,2,4,337,120,0.758333,0.60275,0.840199,0.643223
hybrid,shallow_mlp,4,3,1,318,134,0.537313,0.476896,0.958837,0.409482
hybrid,shallow_mlp,4,3,2,378,74,0.513514,0.508523,0.788401,0.322482
hybrid,shallow_mlp,4,3,3,310,142,0.521127,0.412651,0.913717,0.369383
hybrid,shallow_mlp,4,3,4,350,102,1.0,1.0,1.0,1.0
hybrid,shallow_mlp,5,1,1,347,118,0.584746,0.44403,0.715552,0.368915
hybrid,shallow_mlp,5,1,2,379,86,0.511628,0.648077,0.851152,0.288696
hybrid,shallow_mlp,5,1,3,312,153,0.653595,0.565131,0.813661,0.533161
hybrid,shallow_mlp,5,1,4,357,108,0.62963,0.509842,1.0,0.461481
hybrid,shallow_mlp,5,2,1,338,119,0.554622,0.505798,0.663598,0.379538
hybrid,shallow_mlp,5,2,2,358,99,0.40404,0.25564,0.521054,0.197885
hybrid,shallow_mlp,5,2,3,338,119,0.731092,0.758104,0.850095,0.649485
hybrid,shallow_mlp,5,2,4,337,120,0.966667,0.736486,0.875217,0.948575
hybrid,shallow_mlp,5,3,1,318,134,0.365672,0.455437,0.796765,0.139858
hybrid,shallow_mlp,5,3,2,378,74,0.891892,0.704545,0.776786,0.831723
hybrid,shallow_mlp,5,3,3,310,142,0.690141,0.572485,0.839611,0.582911
hybrid,shallow_mlp,5,3,4,350,102,0.715686,0.690083,1.0,0.550797
hybrid,shallow_mlp,6,1,1,347,118,0.144068,0.091398,0.57308,0.020707
hybrid,shallow_mlp,6,1,2,379,86,0.162791,0.125,0.486115,-0.081006
hybrid,shallow_mlp,6,1,3,312,153,0.581699,0.479234,0.640753,0.433137
hybrid,shallow_mlp,6,1,4,357,108,0.555556,0.532595,0.793991,0.447099
hybrid,shallow_mlp,6,2,1,338,119,0.529412,0.435412,1.0,0.388119
hybrid,shallow_mlp,6,2,2,358,99,0.949495,0.893888,0.946633,0.912959
hybrid,shallow_mlp,6,2,3,338,119,0.714286,0.708052,0.926521,0.629216
hybrid,shallow_mlp,6,2,4,337,120,0.916667,0.819444,1.0,0.87715
hybrid,shallow_mlp,6,3,1,318,134,0.470149,0.333333,0.910617,0.296874
hybrid,shallow_mlp,6,3,2,378,74,0.77027,0.662698,1.0,0.607488
hybrid,shallow_mlp,6,3,3,310,142,0.880282,0.873661,0.923305,0.839431
hybrid,shallow_mlp,6,3,4,350,102,0.754902,0.79308,0.958366,0.675283
hybrid,shallow_mlp,7,1,1,347,118,0.533898,0.319861,0.936514,0.280328
hybrid,shallow_mlp,7,1,2,379,86,0.732558,0.795985,0.908025,0.634853
hybrid,shallow_mlp,7,1,3,312,153,0.581699,0.470204,0.890984,0.418286
hybrid,shallow_mlp,7,1,4,357,108,0.768519,0.733925,0.955354,0.696697
hybrid,shallow_mlp,7,2,1,338,119,0.579832,0.629762,0.834325,0.441943
hybrid,shallow_mlp,7,2,2,358,99,0.676768,0.713184,0.958848,0.554931
hybrid,shallow_mlp,7,2,3,338,119,0.655462,0.623457,0.946847,0.558821
hybrid,shallow_mlp,7,2,4,337,120,0.966667,0.741228,0.734615,0.948131
hybrid,shallow_mlp,7,3,1,318,134,0.813433,0.784421,1.0,0.747703
hybrid,shallow_mlp,7,3,2,378,74,0.554054,0.622734,0.822209,0.409432
hybrid,shallow_mlp,7,3,3,310,142,0.880282,0.873661,1.0,0.839431
hybrid,shallow_mlp,7,3,4,350,102,0.882353,0.707143,0.968824,0.821938
hybrid,shallow_mlp,8,1,1,347,118,0.644068,0.70814,0.73587,0.508675
hybrid,shallow_mlp,8,1,2,379,86,1.0,1.0,1.0,1.0
hybrid,shallow_mlp,8,1,3,312,153,0.738562,0.638193,0.761285,0.635931
hybrid,shallow_mlp,8,1,4,357,108,0.657407,0.54944,0.679281,0.513276
hybrid,shallow_mlp,8,2,1,338,119,0.739496,0.781565,0.809503,0.657347
hybrid,shallow_mlp,8,2,2,358,99,0.555556,0.489286,0.67938,0.303486
hybrid,shallow_mlp,8,2,3,338,119,0.722689,0.651878,0.939858,0.610841
hybrid,shallow_mlp,8,2,4,337,120,0.883333,0.659239,1.0,0.820205
hybrid,shallow_mlp,8,3,1,318,134,0.723881,0.589342,0.866603,0.582344
hybrid,shallow_mlp,8,3,2,378,74,0.756757,0.629456,1.0,0.624365
hybrid,shallow_mlp,8,3,3,310,142,0.880282,0.873661,0.912663,0.839431
hybrid,shallow_mlp,8,3,4,350,102,0.784314,0.798977,0.968824,0.665274
hybrid,shallow_mlp,9,1,1,347,118,0.745763,0.553131,0.861367,0.619927
hybrid,shallow_mlp,9,1,2,379,86,0.77907,0.620471,0.937259,0.676307
hybrid,shallow_mlp,9,1,3,312,153,0.718954,0.65812,0.624212,0.610618
hybrid,shallow_mlp,9,1,4,357,108,0.62963,0.555426,0.932796,0.496034
hybrid,shallow_mlp,9,2,1,338,119,0.428571,0.29654,0.782144,0.264765
hybrid,shallow_mlp,9,2,2,358,99,0.545455,0.456611,0.767688,0.337349
hybrid,shallow_mlp,9,2,3,338,119,0.840336,0.836158,1.0,0.786254
hybrid,shallow_mlp,9,2,4,337,120,0.708333,0.681316,0.956294,0.619669
hybrid,shallow_mlp,9,3,1,318,134,0.470149,0.328447,0.808748,0.242275
hybrid,shallow_mlp,9,3,2,378,74,0.445946,0.394875,0.634432,0.302849
hybrid,shallow_mlp,9,3,3,310,142,0.725352,0.620965,0.832039,0.637992
hybrid,shallow_mlp,9,3,4,350,102,0.323529,0.204972,0.677881,0.115385
hybrid,shallow_mlp,10,1,1,347,118,0.550847,0.574275,0.7015,0.396972
hybrid,shallow_mlp,10,1,2,379,86,0.22093,0.150794,0.699377,0.015884
hybrid,shallow_mlp,10,1,3,312,153,0.535948,0.348798,0.824543,0.338429
hybrid,shallow_mlp,10,1,4,357,108,0.407407,0.280654,0.849726,0.174785
hybrid,shallow_mlp,10,2,1,338,119,0.630252,0.497617,0.892474,0.493666
hybrid,shallow_mlp,10,2,2,358,99,0.757576,0.602598,0.681372,0.564755
hybrid,shallow_mlp,10,2,3,338,119,0.672269,0.451031,0.846465,0.528258
hybrid,shallow_mlp,10,2,4,337,120,0.966667,0.732143,1.0,0.948773
hybrid,shallow_mlp,10,3,1,318,134,0.552239,0.388554,0.693215,0.413096
hybrid,shallow_mlp,10,3,2,378,74,0.756757,0.629456,0.833333,0.615695
hybrid,shallow_mlp,10,3,3,310,142,0.676056,0.621385,0.822993,0.54989
hybrid,shallow_mlp,10,3,4,350,102,0.421569,0.294697,0.706314,0.167059
hybrid,shallow_mlp,11,1,1,347,118,0.618644,0.509733,0.80844,0.443455
hybrid,shallow_mlp,11,1,2,379,86,0.232558,0.15873,0.395425,0.078721
hybrid,shallow_mlp,11,1,3,312,153,0.581699,0.546429,0.7899,0.45032
hybrid,shallow_mlp,11,1,4,357,108,0.62963,0.467398,0.932796,0.483994
hybrid,shallow_mlp,11,2,1,338,119,0.445378,0.512846,0.703358,0.239837
hybrid,shallow_mlp,11,2,2,358,99,0.141414,0.094595,0.773419,-0.052007
hybrid,shallow_mlp,11,2,3,338,119,0.504202,0.443966,0.744935,0.345544
hybrid,shallow_mlp,11,2,4,337,120,0.083333,0.066667,0.541823,-0.166387
hybrid,shallow_mlp,11,3,1,318,134,0.38806,0.324906,0.919736,0.135416
hybrid,shallow_mlp,11,3,2,378,74,0.445946,0.354623,0.670922,0.227203
hybrid,shallow_mlp,11,3,3,310,142,0.598592,0.521336,0.633949,0.43737
hybrid,shallow_mlp,11,3,4,350,102,0.5,0.423077,0.571754,0.252479
hybrid,shallow_mlp,12,1,1,347,118,0.389831,0.310738,0.663986,0.125116
hybrid,shallow_mlp,12,1,2,379,86,0.27907,0.230146,0.83214,0.035456
hybrid,shallow_mlp,12,1,3,312,153,0.156863,0.173913,0.697038,-0.110567
hybrid,shallow_mlp,12,1,4,357,108,0.694444,0.599327,0.915865,0.603206
hybrid,shallow_mlp,12,2,1,338,119,0.193277,0.271127,0.341664,-0.063885
hybrid,shallow_mlp,12,2,2,358,99,0.141414,0.12963,0.590581,0.038396
hybrid,shallow_mlp,12,2,3,338,119,0.168067,0.084034,0.474292,-0.036969
hybrid,shallow_mlp,12,2,4,337,120,0.491667,0.391026,0.756642,0.229798
hybrid,shallow_mlp,12,3,1,318,134,0.410448,0.43414,0.550606,0.195837
hybrid,shallow_mlp,12,3,2,378,74,0.148649,0.119565,0.558582,-0.007129
hybrid,shallow_mlp,12,3,3,310,142,0.535211,0.368187,0.617,0.374115
hybrid,shallow_mlp,12,3,4,350,102,0.509804,0.507137,0.568898,0.38443
hybrid,shallow_mlp,13,1,1,347,118,0.677966,0.618056,0.928125,0.558835
hybrid,shallow_mlp,13,1,2,379,86,0.77907,0.755698,0.730114,0.679733
hybrid,shallow_mlp,13,1,3,312,153,0.673203,0.601116,1.0,0.554663
hybrid,shallow_mlp,13,1,4,357,108,0.416667,0.398374,0.770812,0.218829
hybrid,shallow_mlp,13,2,1,338,119,0.630252,0.497617,0.788227,0.493666
hybrid,shallow_mlp,13,2,2,358,99,0.444444,0.211538,0.62781,0.187192
hybrid,shallow_mlp,13,2,3,338,119,0.487395,0.509753,0.685497,0.320318
hybrid,shallow_mlp,13,2,4,337,120,0.516667,0.483173,0.866111,0.307807
hybrid,shallow_mlp,13,3,1,318,134,0.552239,0.35012,0.932055,0.352135
hybrid,shallow_mlp,13,3,2,378,74,0.567568,0.531933,0.806905,0.365828
hybrid,shallow_mlp,13,3,3,310,142,0.880282,0.873661,0.938491,0.839431
hybrid,shallow_mlp,13,3,4,350,102,0.852941,0.701317,0.820885,0.768847
hybrid,shallow_mlp,14,1,1,347,118,0.398305,0.472307,0.653269,0.236698
hybrid,shallow_mlp,14,1,2,379,86,0.569767,0.571716,0.868007,0.347951
hybrid,shallow_mlp,14,1,3,312,153,0.457516,0.301625,0.692873,0.235553
hybrid,shallow_mlp,14,1,4,357,108,0.861111,0.688525,0.874843,0.805569
hybrid,shallow_mlp,14,2,1,338,119,0.529412,0.543343,0.818829,0.382391
hybrid,shallow_mlp,14,2,2,358,99,0.747475,0.425564,0.729231,0.513943
hybrid,shallow_mlp,14,2,3,338,119,0.554622,0.471087,0.713836,0.421588
hybrid,shallow_mlp,14,2,4,337,120,0.55,0.494038,0.769842,0.389198
hybrid,shallow_mlp,14,3,1,318,134,0.910448,0.723684,1.0,0.864987
hybrid,shallow_mlp,14,3,2,378,74,0.756757,0.587179,0.938492,0.645178
hybrid,shallow_mlp,14,3,3,310,142,1.0,1.0,1.0,1.0
hybrid,shallow_mlp,14,3,4,350,102,0.931373,0.909235,1.0,0.900792
hybrid,shallow_mlp,15,1,1,347,118,0.661017,0.523175,0.874559,0.513703
hybrid,shallow_mlp,15,1,2,379,86,0.72093,0.65625,0.980679,0.597032
hybrid,shallow_mlp,15,1,3,312,153,0.738562,0.617077,0.937866,0.647668
hybrid,shallow_mlp,15,1,4,357,108,0.601852,0.554955,0.947183,0.46633
hybrid,shallow_mlp,15,2,1,338,119,1.0,1.0,1.0,1.0
hybrid,shallow_mlp,15,2,2,358,99,0.949495,0.921799,1.0,0.91242
hybrid,shallow_mlp,15,2,3,338,119,0.831933,0.69898,1.0,0.757588
hybrid,shallow_mlp,15,2,4,337,120,0.966667,0.732143,1.0,0.948773
hybrid,shallow_mlp,15,3,1,318,134,1.0,1.0,1.0,1.0
hybrid,shallow_mlp,15,3,2,378,74,0.432432,0.368644,0.654685,0.222417
hybrid,shallow_mlp,15,3,3,310,142,0.880282,0.89204,1.0,0.836095
hybrid,shallow_mlp,15,3,4,350,102,0.627451,0.553571,0.923514,0.455006
